match_id,team_1,team_2,league,date,winner,gamelength,firsttower_team,firstblood_team,firstdragon_team
ESPORTSTMNT01_2690695,DRX,Liiv SANDBOX,LCK,2022-01-12 09:02:13,Liiv SANDBOX,2070,DRX,Liiv SANDBOX,Liiv SANDBOX
ESPORTSTMNT01_2690705,T1,Kwangdong Freecs,LCK,2022-01-12 10:07:10,T1,2233,Kwangdong Freecs,T1,T1
ESPORTSTMNT01_2690725,Kwangdong Freecs,T1,LCK,2022-01-12 11:49:28,T1,1506,T1,T1,T1
ESPORTSTMNT01_2691507,DRX,Gen.G,LCK,2022-01-14 07:15:41,Gen.G,1778,DRX,Gen.G,Gen.G
ESPORTSTMNT01_2691515,Gen.G,DRX,LCK,2022-01-14 08:42:06,Gen.G,1556,Gen.G,DRX,Gen.G
ESPORTSTMNT01_2691518,BRION,T1,LCK,2022-01-14 09:32:22,BRION,2568,T1,T1,BRION
ESPORTSTMNT01_2691546,T1,BRION,LCK,2022-01-14 11:51:26,T1,2756,T1,T1,BRION
ESPORTSTMNT01_2691557,BRION,T1,LCK,2022-01-14 13:00:25,T1,2487,T1,T1,BRION
ESPORTSTMNT01_2692264,Dplus KIA,Gen.G,LCK,2022-01-16 13:39:12,Gen.G,2113,Gen.G,Dplus KIA,Gen.G
ESPORTSTMNT01_2693789,Nongshim RedForce,Dplus KIA,LCK,2022-01-19 06:44:22,Nongshim RedForce,2336,Nongshim RedForce,Nongshim RedForce,Dplus KIA
ESPORTSTMNT01_2693854,KT Rolster,Hanwha Life Esports,LCK,2022-01-19 11:06:38,KT Rolster,2311,KT Rolster,KT Rolster,KT Rolster
ESPORTSTMNT01_2693886,Hanwha Life Esports,KT Rolster,LCK,2022-01-19 12:43:18,KT Rolster,2249,KT Rolster,KT Rolster,KT Rolster
ESPORTSTMNT01_2694425,T1,DRX,LCK,2022-01-20 08:35:27,T1,1723,T1,T1,DRX
ESPORTSTMNT01_2694428,BRION,Gen.G,LCK,2022-01-20 09:29:43,Gen.G,2283,Gen.G,BRION,Gen.G
ESPORTSTMNT01_2694459,BRION,Gen.G,LCK,2022-01-20 11:43:17,Gen.G,2047,Gen.G,Gen.G,Gen.G
ESPORTSTMNT01_2695078,Nongshim RedForce,KT Rolster,LCK,2022-01-21 11:42:20,Nongshim RedForce,1659,KT Rolster,Nongshim RedForce,Nongshim RedForce
ESPORTSTMNT01_2695092,KT Rolster,Nongshim RedForce,LCK,2022-01-21 12:34:43,Nongshim RedForce,1746,Nongshim RedForce,Nongshim RedForce,Nongshim RedForce
ESPORTSTMNT01_2695530,BRION,Dplus KIA,LCK,2022-01-22 08:35:01,Dplus KIA,2122,Dplus KIA,Dplus KIA,Dplus KIA
ESPORTSTMNT01_2695541,Gen.G,Hanwha Life Esports,LCK,2022-01-22 09:34:31,Hanwha Life Esports,1922,Hanwha Life Esports,Hanwha Life Esports,Hanwha Life Esports
ESPORTSTMNT01_2695573,Gen.G,Hanwha Life Esports,LCK,2022-01-22 11:37:56,Gen.G,2314,Gen.G,Gen.G,Gen.G
ESPORTSTMNT01_2695586,Hanwha Life Esports,Gen.G,LCK,2022-01-22 12:41:49,Gen.G,1704,Hanwha Life Esports,Gen.G,Gen.G
ESPORTSTMNT01_2700815,DRX,Liiv SANDBOX,LCK,2022-01-12 06:20:03,Liiv SANDBOX,2195,DRX,DRX,Liiv SANDBOX
ESPORTSTMNT01_2701248,Nongshim RedForce,Hanwha Life Esports,LCK,2022-01-13 06:51:40,Nongshim RedForce,2153,Nongshim RedForce,Nongshim RedForce,Nongshim RedForce
ESPORTSTMNT01_2701277,Hanwha Life Esports,Nongshim RedForce,LCK,2022-01-13 08:53:53,Hanwha Life Esports,1957,Hanwha Life Esports,Hanwha Life Esports,Hanwha Life Esports
ESPORTSTMNT01_2701282,Nongshim RedForce,Hanwha Life Esports,LCK,2022-01-13 09:50:33,Hanwha Life Esports,2166,Hanwha Life Esports,Hanwha Life Esports,Nongshim RedForce
ESPORTSTMNT01_2701289,KT Rolster,Dplus KIA,LCK,2022-01-13 10:51:13,Dplus KIA,2568,Dplus KIA,KT Rolster,Dplus KIA
ESPORTSTMNT01_2701333,KT Rolster,Dplus KIA,LCK,2022-01-13 12:51:51,Dplus KIA,1450,Dplus KIA,Dplus KIA,KT Rolster
ESPORTSTMNT01_2701941,Nongshim RedForce,Liiv SANDBOX,LCK,2022-01-15 07:01:59,Nongshim RedForce,1838,Nongshim RedForce,Liiv SANDBOX,Liiv SANDBOX
ESPORTSTMNT01_2701966,Nongshim RedForce,Liiv SANDBOX,LCK,2022-01-15 08:40:17,Nongshim RedForce,1568,Nongshim RedForce,Nongshim RedForce,Nongshim RedForce
ESPORTSTMNT01_2701968,Kwangdong Freecs,KT Rolster,LCK,2022-01-15 09:32:02,KT Rolster,2136,KT Rolster,KT Rolster,Kwangdong Freecs
ESPORTSTMNT01_2701997,Kwangdong Freecs,KT Rolster,LCK,2022-01-15 11:43:59,KT Rolster,1935,Kwangdong Freecs,KT Rolster,KT Rolster
ESPORTSTMNT01_2702254,BRION,Hanwha Life Esports,LCK,2022-01-16 06:26:21,BRION,2027,Hanwha Life Esports,BRION,BRION
ESPORTSTMNT01_2702297,Hanwha Life Esports,BRION,LCK,2022-01-16 08:43:53,Hanwha Life Esports,2315,Hanwha Life Esports,Hanwha Life Esports,BRION
ESPORTSTMNT01_2702309,BRION,Hanwha Life Esports,LCK,2022-01-16 09:46:53,BRION,2113,BRION,BRION,Hanwha Life Esports
ESPORTSTMNT01_2702317,Dplus KIA,Gen.G,LCK,2022-01-16 10:43:37,Dplus KIA,2166,Gen.G,Gen.G,Dplus KIA
ESPORTSTMNT01_2702340,Gen.G,Dplus KIA,LCK,2022-01-16 12:24:56,Gen.G,2887,Dplus KIA,Dplus KIA,Dplus KIA
ESPORTSTMNT01_2703805,Dplus KIA,Nongshim RedForce,LCK,2022-01-19 08:47:41,Dplus KIA,2340,Dplus KIA,Nongshim RedForce,Nongshim RedForce
ESPORTSTMNT01_2703811,Nongshim RedForce,Dplus KIA,LCK,2022-01-19 09:54:42,Nongshim RedForce,2348,Nongshim RedForce,Nongshim RedForce,Nongshim RedForce
ESPORTSTMNT01_2704285,DRX,T1,LCK,2022-01-20 06:11:55,T1,1676,T1,T1,T1
ESPORTSTMNT01_2704900,Liiv SANDBOX,Kwangdong Freecs,LCK,2022-01-21 06:18:24,Kwangdong Freecs,2060,Kwangdong Freecs,Kwangdong Freecs,Liiv SANDBOX
ESPORTSTMNT01_2704920,Liiv SANDBOX,Kwangdong Freecs,LCK,2022-01-21 08:41:24,Kwangdong Freecs,1863,Kwangdong Freecs,Kwangdong Freecs,Liiv SANDBOX
ESPORTSTMNT01_2704929,Nongshim RedForce,KT Rolster,LCK,2022-01-21 09:37:50,KT Rolster,1994,KT Rolster,Nongshim RedForce,KT Rolster
ESPORTSTMNT01_2705385,Dplus KIA,BRION,LCK,2022-01-22 06:48:19,Dplus KIA,1593,BRION,Dplus KIA,BRION
ESPORTSTMNT01_2705912,Liiv SANDBOX,T1,LCK,2022-01-23 05:38:44,T1,1944,T1,Liiv SANDBOX,T1
ESPORTSTMNT01_2705943,Liiv SANDBOX,T1,LCK,2022-01-23 08:40:19,T1,1510,T1,Liiv SANDBOX,Liiv SANDBOX
ESPORTSTMNT01_2705951,Kwangdong Freecs,DRX,LCK,2022-01-23 09:29:12,DRX,2473,Kwangdong Freecs,Kwangdong Freecs,Kwangdong Freecs
ESPORTSTMNT01_2705978,Kwangdong Freecs,DRX,LCK,2022-01-23 11:49:31,DRX,2887,DRX,DRX,DRX
ESPORTSTMNT01_2733966,BRION,Hanwha Life Esports,LCK,2022-03-02 05:11:53,BRION,2097,Hanwha Life Esports,BRION,Hanwha Life Esports
ESPORTSTMNT01_2734080,Dplus KIA,Liiv SANDBOX,LCK,2022-03-02 10:32:14,Dplus KIA,1726,Dplus KIA,Liiv SANDBOX,Dplus KIA
ESPORTSTMNT01_2734124,Liiv SANDBOX,Dplus KIA,LCK,2022-03-02 12:17:52,Dplus KIA,1558,Liiv SANDBOX,Dplus KIA,Dplus KIA
ESPORTSTMNT01_2734770,Gen.G,T1,LCK,2022-03-03 06:55:53,T1,1924,T1,T1,Gen.G
ESPORTSTMNT01_2735442,DRX,KT Rolster,LCK,2022-03-04 05:27:39,DRX,2499,KT Rolster,DRX,KT Rolster
ESPORTSTMNT01_2735520,DRX,KT Rolster,LCK,2022-03-04 08:50:00,DRX,1701,DRX,DRX,KT Rolster
ESPORTSTMNT01_2735529,Dplus KIA,Hanwha Life Esports,LCK,2022-03-04 09:44:36,Dplus KIA,2869,Dplus KIA,Hanwha Life Esports,Dplus KIA
ESPORTSTMNT01_2735569,Hanwha Life Esports,Dplus KIA,LCK,2022-03-04 11:56:37,Dplus KIA,2070,Hanwha Life Esports,Dplus KIA,Hanwha Life Esports
ESPORTSTMNT01_2744194,Hanwha Life Esports,BRION,LCK,2022-03-02 08:41:27,Hanwha Life Esports,1757,BRION,BRION,Hanwha Life Esports
ESPORTSTMNT01_2744217,BRION,Hanwha Life Esports,LCK,2022-03-02 09:33:39,BRION,2131,Hanwha Life Esports,BRION,BRION
ESPORTSTMNT01_2744817,Gen.G,T1,LCK,2022-03-03 08:40:29,T1,2154,T1,Gen.G,Gen.G
ESPORTSTMNT01_2744822,Nongshim RedForce,Kwangdong Freecs,LCK,2022-03-03 09:42:33,Kwangdong Freecs,1762,Kwangdong Freecs,Kwangdong Freecs,Kwangdong Freecs
ESPORTSTMNT01_2744887,Kwangdong Freecs,Nongshim RedForce,LCK,2022-03-03 11:39:08,Kwangdong Freecs,2446,Kwangdong Freecs,Nongshim RedForce,Kwangdong Freecs
ESPORTSTMNT01_2770391,Kwangdong Freecs,Gen.G,LCK,2022-03-05 09:12:00,Gen.G,2203,Gen.G,Gen.G,Gen.G
ESPORTSTMNT01_2770414,Gen.G,Kwangdong Freecs,LCK,2022-03-05 10:14:00,Gen.G,1985,Gen.G,Gen.G,Kwangdong Freecs
ESPORTSTMNT01_2770433,BRION,Nongshim RedForce,LCK,2022-03-05 11:53:00,BRION,2628,Nongshim RedForce,Nongshim RedForce,Nongshim RedForce
ESPORTSTMNT01_2770483,Nongshim RedForce,BRION,LCK,2022-03-05 13:03:00,Nongshim RedForce,2486,Nongshim RedForce,BRION,BRION
ESPORTSTMNT01_2770511,BRION,Nongshim RedForce,LCK,2022-03-05 14:09:00,BRION,2316,BRION,BRION,Nongshim RedForce
ESPORTSTMNT01_2770975,Liiv SANDBOX,DRX,LCK,2022-03-06 08:40:55,DRX,1799,DRX,DRX,DRX
ESPORTSTMNT01_2770993,T1,KT Rolster,LCK,2022-03-06 09:38:33,T1,2105,T1,KT Rolster,T1
ESPORTSTMNT01_2771060,KT Rolster,T1,LCK,2022-03-06 11:44:32,T1,2052,T1,KT Rolster,T1
ESPORTSTMNT01_2773026,Hanwha Life Esports,KT Rolster,LCK,2022-03-10 06:57:21,KT Rolster,1917,KT Rolster,KT Rolster,KT Rolster
ESPORTSTMNT01_2773051,KT Rolster,Hanwha Life Esports,LCK,2022-03-10 08:40:33,KT Rolster,1985,KT Rolster,Hanwha Life Esports,Hanwha Life Esports
ESPORTSTMNT01_2773053,BRION,Liiv SANDBOX,LCK,2022-03-10 09:43:23,BRION,1717,BRION,BRION,Liiv SANDBOX
ESPORTSTMNT01_2773097,Liiv SANDBOX,BRION,LCK,2022-03-10 11:36:10,BRION,1864,BRION,BRION,Liiv SANDBOX
ESPORTSTMNT01_2773445,Kwangdong Freecs,T1,LCK,2022-03-11 07:00:16,T1,2179,Kwangdong Freecs,T1,Kwangdong Freecs
ESPORTSTMNT01_2773482,Kwangdong Freecs,T1,LCK,2022-03-11 08:45:51,Kwangdong Freecs,1860,T1,T1,T1
ESPORTSTMNT01_2773491,Kwangdong Freecs,T1,LCK,2022-03-11 09:44:28,T1,1807,T1,T1,T1
ESPORTSTMNT01_2773503,Dplus KIA,Nongshim RedForce,LCK,2022-03-11 10:38:42,Dplus KIA,2503,Dplus KIA,Nongshim RedForce,Dplus KIA
ESPORTSTMNT01_2780338,Gen.G,Kwangdong Freecs,LCK,2022-03-05 08:10:00,Kwangdong Freecs,2113,Kwangdong Freecs,Kwangdong Freecs,Gen.G
ESPORTSTMNT01_2780901,Liiv SANDBOX,DRX,LCK,2022-03-06 07:15:21,DRX,1847,Liiv SANDBOX,DRX,DRX
ESPORTSTMNT01_2782567,Nongshim RedForce,DRX,LCK,2022-03-09 08:08:00,DRX,2019,DRX,DRX,DRX
ESPORTSTMNT01_2782631,Nongshim RedForce,DRX,LCK,2022-03-09 09:06:00,DRX,1872,Nongshim RedForce,Nongshim RedForce,DRX
ESPORTSTMNT01_2782634,Dplus KIA,Gen.G,LCK,2022-03-09 11:10:00,Gen.G,2498,Gen.G,Dplus KIA,Dplus KIA
ESPORTSTMNT01_2782677,Dplus KIA,Gen.G,LCK,2022-03-09 11:52:22,Dplus KIA,2176,Dplus KIA,Dplus KIA,Dplus KIA
ESPORTSTMNT01_2782685,Gen.G,Dplus KIA,LCK,2022-03-09 13:19:00,Gen.G,2539,Gen.G,Gen.G,Gen.G
ESPORTSTMNT01_2783459,Nongshim RedForce,Dplus KIA,LCK,2022-03-11 12:45:31,Dplus KIA,2031,Dplus KIA,Dplus KIA,Dplus KIA
ESPORTSTMNT01_3303961,Kwangdong Freecs,Liiv SANDBOX,LCK,2023-02-08 09:07:58,Liiv SANDBOX,1880,Liiv SANDBOX,Liiv SANDBOX,Liiv SANDBOX
ESPORTSTMNT01_3304845,Liiv SANDBOX,Kwangdong Freecs,LCK,2023-02-08 08:06:49,Kwangdong Freecs,2249,Kwangdong Freecs,Liiv SANDBOX,Liiv SANDBOX
ESPORTSTMNT01_3304899,T1,BRION,LCK,2023-02-08 11:36:31,T1,1977,T1,T1,T1
ESPORTSTMNT01_3304926,BRION,T1,LCK,2023-02-08 12:32:16,T1,1929,T1,BRION,BRION
ESPORTSTMNT01_3305848,Liiv SANDBOX,Kwangdong Freecs,LCK,2023-02-08 10:00:15,Liiv SANDBOX,1903,Kwangdong Freecs,Kwangdong Freecs,Liiv SANDBOX
ESPORTSTMNT01_3306459,Dplus KIA,KT Rolster,LCK,2023-02-09 08:08:59,Dplus KIA,2134,KT Rolster,Dplus KIA,KT Rolster
ESPORTSTMNT01_3306514,Nongshim RedForce,Gen.G,LCK,2023-02-09 12:36:54,Gen.G,2104,Nongshim RedForce,Gen.G,Gen.G
ESPORTSTMNT01_3308368,KT Rolster,Dplus KIA,LCK,2023-02-09 09:09:41,KT Rolster,1862,Dplus KIA,Dplus KIA,KT Rolster
ESPORTSTMNT01_3308372,Dplus KIA,KT Rolster,LCK,2023-02-09 10:03:46,KT Rolster,1759,KT Rolster,KT Rolster,KT Rolster
ESPORTSTMNT01_3308381,Gen.G,Nongshim RedForce,LCK,2023-02-09 11:42:33,Gen.G,1781,Gen.G,Nongshim RedForce,Nongshim RedForce
ESPORTSTMNT01_3308953,BRION,Hanwha Life Esports,LCK,2023-02-10 10:00:13,Hanwha Life Esports,1647,Hanwha Life Esports,Hanwha Life Esports,Hanwha Life Esports
ESPORTSTMNT01_3309028,BRION,Hanwha Life Esports,LCK,2023-02-10 08:07:07,Hanwha Life Esports,1968,Hanwha Life Esports,Hanwha Life Esports,BRION
ESPORTSTMNT01_3309043,BRION,Hanwha Life Esports,LCK,2023-02-10 09:01:42,BRION,2304,BRION,BRION,BRION
ESPORTSTMNT01_3309058,DRX,Liiv SANDBOX,LCK,2023-02-10 11:30:21,Liiv SANDBOX,1877,Liiv SANDBOX,Liiv SANDBOX,Liiv SANDBOX
ESPORTSTMNT01_3309094,DRX,Liiv SANDBOX,LCK,2023-02-10 12:23:47,DRX,1685,DRX,Liiv SANDBOX,Liiv SANDBOX
ESPORTSTMNT01_3309624,KT Rolster,Gen.G,LCK,2023-02-11 10:22:31,KT Rolster,2661,KT Rolster,Gen.G,Gen.G
ESPORTSTMNT01_3309955,Dplus KIA,Hanwha Life Esports,LCK,2023-02-12 06:08:24,Dplus KIA,2292,Dplus KIA,Dplus KIA,Dplus KIA
ESPORTSTMNT01_3309997,DRX,T1,LCK,2023-02-12 09:43:50,T1,1484,T1,T1,T1
ESPORTSTMNT01_3310502,Kwangdong Freecs,Nongshim RedForce,LCK,2023-02-11 06:09:24,Kwangdong Freecs,1802,Kwangdong Freecs,Kwangdong Freecs,Nongshim RedForce
ESPORTSTMNT01_3310542,KT Rolster,Gen.G,LCK,2023-02-11 08:37:24,Gen.G,1660,Gen.G,Gen.G,Gen.G
ESPORTSTMNT01_3310561,Gen.G,KT Rolster,LCK,2023-02-11 09:27:12,KT Rolster,1956,Gen.G,KT Rolster,Gen.G
ESPORTSTMNT01_3310923,T1,DRX,LCK,2023-02-12 08:46:43,T1,2084,T1,T1,DRX
ESPORTSTMNT01_3311011,Liiv SANDBOX,DRX,LCK,2023-02-10 13:14:08,Liiv SANDBOX,1400,Liiv SANDBOX,DRX,Liiv SANDBOX
ESPORTSTMNT01_3311520,Nongshim RedForce,Kwangdong Freecs,LCK,2023-02-11 07:02:56,Kwangdong Freecs,1428,Kwangdong Freecs,Nongshim RedForce,Nongshim RedForce
ESPORTSTMNT01_3311892,Hanwha Life Esports,Dplus KIA,LCK,2023-02-12 07:08:38,Dplus KIA,1948,Dplus KIA,Dplus KIA,Dplus KIA
ESPORTSTMNT01_3324334,Dplus KIA,T1,LCK,2023-03-16 08:08:02,T1,1577,T1,T1,T1
ESPORTSTMNT01_3324352,Hanwha Life Esports,Gen.G,LCK,2023-03-16 10:46:56,Gen.G,1704,Gen.G,Gen.G,Hanwha Life Esports
ESPORTSTMNT01_3324628,Kwangdong Freecs,KT Rolster,LCK,2023-03-17 08:07:18,KT Rolster,2106,KT Rolster,KT Rolster,KT Rolster
ESPORTSTMNT01_3324646,Kwangdong Freecs,KT Rolster,LCK,2023-03-17 09:05:28,KT Rolster,2108,Kwangdong Freecs,KT Rolster,KT Rolster
ESPORTSTMNT01_3324649,BRION,Nongshim RedForce,LCK,2023-03-17 10:56:11,Nongshim RedForce,2127,Nongshim RedForce,Nongshim RedForce,BRION
ESPORTSTMNT01_3324928,Gen.G,Dplus KIA,LCK,2023-03-18 09:58:08,Gen.G,1603,Gen.G,Dplus KIA,Dplus KIA
ESPORTSTMNT01_3325029,Kwangdong Freecs,DRX,LCK,2023-03-15 08:05:46,Kwangdong Freecs,2427,Kwangdong Freecs,DRX,Kwangdong Freecs
ESPORTSTMNT01_3325049,Kwangdong Freecs,DRX,LCK,2023-03-15 10:02:48,Kwangdong Freecs,1898,Kwangdong Freecs,Kwangdong Freecs,Kwangdong Freecs
ESPORTSTMNT01_3325060,Liiv SANDBOX,BRION,LCK,2023-03-15 11:47:12,Liiv SANDBOX,1773,Liiv SANDBOX,Liiv SANDBOX,BRION
ESPORTSTMNT01_3325316,Dplus KIA,T1,LCK,2023-03-16 08:57:49,T1,2139,Dplus KIA,Dplus KIA,Dplus KIA
ESPORTSTMNT01_3325340,Hanwha Life Esports,Gen.G,LCK,2023-03-16 11:36:58,Gen.G,2015,Hanwha Life Esports,Hanwha Life Esports,Hanwha Life Esports
ESPORTSTMNT01_3325624,BRION,Nongshim RedForce,LCK,2023-03-17 11:53:02,Nongshim RedForce,1728,BRION,BRION,Nongshim RedForce
ESPORTSTMNT01_3325832,Hanwha Life Esports,Liiv SANDBOX,LCK,2023-03-18 06:08:25,Hanwha Life Esports,1697,Hanwha Life Esports,Hanwha Life Esports,Liiv SANDBOX
ESPORTSTMNT01_3325855,Liiv SANDBOX,Hanwha Life Esports,LCK,2023-03-18 07:00:48,Liiv SANDBOX,1886,Hanwha Life Esports,Liiv SANDBOX,Hanwha Life Esports
ESPORTSTMNT01_3325862,Hanwha Life Esports,Liiv SANDBOX,LCK,2023-03-18 07:55:47,Hanwha Life Esports,2344,Hanwha Life Esports,Liiv SANDBOX,Liiv SANDBOX
ESPORTSTMNT01_3326046,Kwangdong Freecs,DRX,LCK,2023-03-15 09:09:02,DRX,1917,DRX,Kwangdong Freecs,Kwangdong Freecs
ESPORTSTMNT01_3326099,BRION,Liiv SANDBOX,LCK,2023-03-15 12:39:19,Liiv SANDBOX,2174,Liiv SANDBOX,BRION,Liiv SANDBOX
ESPORTSTMNT01_3326924,Gen.G,Dplus KIA,LCK,2023-03-18 10:47:54,Gen.G,2271,Gen.G,Dplus KIA,Dplus KIA
ESPORTSTMNT01_3327201,T1,Nongshim RedForce,LCK,2023-03-19 06:07:14,T1,1400,T1,T1,T1
ESPORTSTMNT01_3328186,Nongshim RedForce,T1,LCK,2023-03-19 06:51:53,T1,1260,T1,T1,Nongshim RedForce
ESPORTSTMNT01_3328190,KT Rolster,DRX,LCK,2023-03-19 08:36:23,KT Rolster,1632,KT Rolster,KT Rolster,KT Rolster
ESPORTSTMNT01_3328205,KT Rolster,DRX,LCK,2023-03-19 09:26:35,KT Rolster,1570,KT Rolster,DRX,KT Rolster
ESPORTSTMNT01_3330071,Liiv SANDBOX,KT Rolster,LCK,2023-03-22 08:04:32,KT Rolster,1766,KT Rolster,KT Rolster,Liiv SANDBOX
ESPORTSTMNT01_3330869,KT Rolster,T1,LCK,2023-03-25 08:56:47,KT Rolster,2140,KT Rolster,T1,T1
ESPORTSTMNT01_3331073,Liiv SANDBOX,KT Rolster,LCK,2023-03-22 08:56:49,Liiv SANDBOX,1711,KT Rolster,KT Rolster,KT Rolster
ESPORTSTMNT01_3331076,KT Rolster,Liiv SANDBOX,LCK,2023-03-22 09:48:07,KT Rolster,1660,KT Rolster,KT Rolster,KT Rolster
ESPORTSTMNT01_3331293,Dplus KIA,Hanwha Life Esports,LCK,2023-03-23 08:57:27,Dplus KIA,1785,Dplus KIA,Dplus KIA,Dplus KIA
ESPORTSTMNT01_3331318,Dplus KIA,Hanwha Life Esports,LCK,2023-03-23 10:44:42,Hanwha Life Esports,1880,Hanwha Life Esports,Hanwha Life Esports,Dplus KIA
ESPORTSTMNT01_3331791,KT Rolster,T1,LCK,2023-03-25 07:04:21,KT Rolster,2246,T1,KT Rolster,T1
ESPORTSTMNT01_3331800,T1,KT Rolster,LCK,2023-03-25 08:04:16,T1,1839,T1,T1,T1
ESPORTSTMNT01_3331817,T1,KT Rolster,LCK,2023-03-25 09:56:48,T1,3291,KT Rolster,KT Rolster,KT Rolster
ESPORTSTMNT01_3332065,Liiv SANDBOX,KT Rolster,LCK,2023-03-22 10:36:42,KT Rolster,2056,KT Rolster,Liiv SANDBOX,KT Rolster
ESPORTSTMNT01_3332285,Dplus KIA,Hanwha Life Esports,LCK,2023-03-23 08:05:12,Hanwha Life Esports,1830,Hanwha Life Esports,Hanwha Life Esports,Hanwha Life Esports
ESPORTSTMNT01_3332318,Hanwha Life Esports,Dplus KIA,LCK,2023-03-23 09:50:54,Hanwha Life Esports,1960,Hanwha Life Esports,Dplus KIA,Dplus KIA
ESPORTSTMNT01_3332801,T1,KT Rolster,LCK,2023-03-25 06:08:58,T1,1956,T1,T1,T1
ESPORTSTMNT01_3333121,Hanwha Life Esports,Gen.G,LCK,2023-03-26 07:03:01,Gen.G,2313,Gen.G,Gen.G,Gen.G
ESPORTSTMNT01_3334067,Gen.G,Hanwha Life Esports,LCK,2023-03-26 06:10:28,Gen.G,1746,Gen.G,Gen.G,Hanwha Life Esports
ESPORTSTMNT01_3334092,Gen.G,Hanwha Life Esports,LCK,2023-03-26 08:59:05,Gen.G,1658,Gen.G,Hanwha Life Esports,Gen.G
ESPORTSTMNT01_3335064,Hanwha Life Esports,Gen.G,LCK,2023-03-26 08:08:38,Hanwha Life Esports,1760,Gen.G,Hanwha Life Esports,Hanwha Life Esports
ESPORTSTMNT01_3336792,T1,Gen.G,LCK,2023-04-01 06:08:55,T1,2226,T1,T1,T1
ESPORTSTMNT01_3336831,Gen.G,T1,LCK,2023-04-01 08:12:08,Gen.G,2684,Gen.G,T1,T1
ESPORTSTMNT01_3336846,T1,Gen.G,LCK,2023-04-01 09:19:36,T1,1787,T1,T1,T1
ESPORTSTMNT01_3337944,KT Rolster,Hanwha Life Esports,LCK,2023-04-02 06:11:56,KT Rolster,2491,Hanwha Life Esports,KT Rolster,KT Rolster
ESPORTSTMNT01_3337979,Hanwha Life Esports,KT Rolster,LCK,2023-04-02 08:10:44,Hanwha Life Esports,2490,Hanwha Life Esports,Hanwha Life Esports,Hanwha Life Esports
ESPORTSTMNT01_3338726,Gen.G,T1,LCK,2023-04-01 07:09:18,T1,2419,Gen.G,T1,T1
ESPORTSTMNT01_3339077,Hanwha Life Esports,KT Rolster,LCK,2023-04-02 07:16:20,KT Rolster,1922,KT Rolster,KT Rolster,KT Rolster
ESPORTSTMNT01_3339102,KT Rolster,Hanwha Life Esports,LCK,2023-04-02 09:15:29,KT Rolster,2021,KT Rolster,Hanwha Life Esports,KT Rolster
ESPORTSTMNT01_3340970,Gen.G,KT Rolster,LCK,2023-04-08 06:11:59,KT Rolster,1982,KT Rolster,KT Rolster,KT Rolster
ESPORTSTMNT01_3340987,Gen.G,KT Rolster,LCK,2023-04-08 07:08:46,Gen.G,1989,KT Rolster,KT Rolster,Gen.G
ESPORTSTMNT01_3341983,KT Rolster,Gen.G,LCK,2023-04-08 08:04:44,Gen.G,2151,KT Rolster,Gen.G,KT Rolster
ESPORTSTMNT01_3341999,KT Rolster,Gen.G,LCK,2023-04-08 09:03:49,Gen.G,1717,KT Rolster,Gen.G,Gen.G
ESPORTSTMNT01_3344120,T1,Gen.G,LCK,2023-04-09 06:25:52,Gen.G,2258,T1,T1,T1
ESPORTSTMNT01_3344136,T1,Gen.G,LCK,2023-04-09 07:28:38,Gen.G,2248,T1,T1,T1
ESPORTSTMNT01_3344140,T1,Gen.G,LCK,2023-04-09 08:31:30,T1,1705,T1,Gen.G,Gen.G
ESPORTSTMNT01_3344160,Gen.G,T1,LCK,2023-04-09 09:26:59,Gen.G,2091,Gen.G,T1,T1
ESPORTSTMNT01_3372029,Hanwha Life Esports,DRX,LCK,2023-06-14 08:05:55,Hanwha Life Esports,1367,Hanwha Life Esports,Hanwha Life Esports,Hanwha Life Esports
ESPORTSTMNT01_3372092,Gen.G,Kwangdong Freecs,LCK,2023-06-14 10:36:02,Gen.G,2163,Kwangdong Freecs,Kwangdong Freecs,Kwangdong Freecs
ESPORTSTMNT01_3372716,Liiv SANDBOX,T1,LCK,2023-06-15 09:10:31,T1,1607,T1,T1,T1
ESPORTSTMNT01_3372768,OKSavingsBank BRION,Dplus KIA,LCK,2023-06-15 11:39:01,OKSavingsBank BRION,1934,OKSavingsBank BRION,OKSavingsBank BRION,Dplus KIA
ESPORTSTMNT01_3373049,DRX,Hanwha Life Esports,LCK,2023-06-14 08:51:34,Hanwha Life Esports,1517,Hanwha Life Esports,Hanwha Life Esports,Hanwha Life Esports
ESPORTSTMNT01_3373110,Kwangdong Freecs,Gen.G,LCK,2023-06-14 11:35:21,Gen.G,1431,Gen.G,Gen.G,Gen.G
ESPORTSTMNT01_3373726,Dplus KIA,OKSavingsBank BRION,LCK,2023-06-15 10:47:38,Dplus KIA,1678,Dplus KIA,Dplus KIA,Dplus KIA
ESPORTSTMNT01_3374638,T1,Liiv SANDBOX,LCK,2023-06-15 08:07:04,T1,2359,T1,Liiv SANDBOX,T1
ESPORTSTMNT01_3374742,Dplus KIA,OKSavingsBank BRION,LCK,2023-06-15 12:33:08,OKSavingsBank BRION,2049,OKSavingsBank BRION,OKSavingsBank BRION,OKSavingsBank BRION
ESPORTSTMNT01_3375285,DRX,KT Rolster,LCK,2023-06-16 10:37:48,KT Rolster,1364,KT Rolster,KT Rolster,KT Rolster
ESPORTSTMNT01_3375321,DRX,KT Rolster,LCK,2023-06-16 11:23:12,KT Rolster,1544,KT Rolster,KT Rolster,KT Rolster
ESPORTSTMNT01_3375723,Hanwha Life Esports,Kwangdong Freecs,LCK,2023-06-17 06:08:14,Hanwha Life Esports,1939,Kwangdong Freecs,Hanwha Life Esports,Kwangdong Freecs
ESPORTSTMNT01_3376223,Nongshim RedForce,Gen.G,LCK,2023-06-16 08:06:45,Gen.G,1689,Gen.G,Gen.G,Gen.G
ESPORTSTMNT01_3376253,Nongshim RedForce,Gen.G,LCK,2023-06-16 08:57:33,Gen.G,1714,Gen.G,Gen.G,Nongshim RedForce
ESPORTSTMNT01_3376707,Kwangdong Freecs,Hanwha Life Esports,LCK,2023-06-17 07:03:41,Hanwha Life Esports,2697,Kwangdong Freecs,Kwangdong Freecs,Hanwha Life Esports
ESPORTSTMNT01_3378634,OKSavingsBank BRION,T1,LCK,2023-06-17 08:56:41,T1,2192,T1,OKSavingsBank BRION,OKSavingsBank BRION
ESPORTSTMNT01_3378674,OKSavingsBank BRION,T1,LCK,2023-06-17 09:54:31,T1,1378,T1,OKSavingsBank BRION,OKSavingsBank BRION
ESPORTSTMNT01_3379239,Liiv SANDBOX,KT Rolster,LCK,2023-06-18 06:06:42,KT Rolster,2346,KT Rolster,KT Rolster,Liiv SANDBOX
ESPORTSTMNT01_3380253,Liiv SANDBOX,KT Rolster,LCK,2023-06-18 07:07:00,KT Rolster,1431,KT Rolster,KT Rolster,KT Rolster
ESPORTSTMNT01_3380258,Dplus KIA,Nongshim RedForce,LCK,2023-06-18 08:38:09,Dplus KIA,1751,Dplus KIA,Nongshim RedForce,Dplus KIA
ESPORTSTMNT01_3381214,Nongshim RedForce,Dplus KIA,LCK,2023-06-18 09:30:28,Dplus KIA,1878,Dplus KIA,Dplus KIA,Dplus KIA
ESPORTSTMNT01_3382782,Liiv SANDBOX,OKSavingsBank BRION,LCK,2023-06-21 10:04:19,Liiv SANDBOX,1866,Liiv SANDBOX,Liiv SANDBOX,OKSavingsBank BRION
ESPORTSTMNT01_3383647,Liiv SANDBOX,OKSavingsBank BRION,LCK,2023-06-21 08:05:50,Liiv SANDBOX,2068,Liiv SANDBOX,OKSavingsBank BRION,Liiv SANDBOX
ESPORTSTMNT01_3383672,Liiv SANDBOX,OKSavingsBank BRION,LCK,2023-06-21 09:02:32,OKSavingsBank BRION,2436,Liiv SANDBOX,OKSavingsBank BRION,Liiv SANDBOX
ESPORTSTMNT01_3384667,Kwangdong Freecs,T1,LCK,2023-06-21 11:42:19,T1,1859,Kwangdong Freecs,T1,T1
ESPORTSTMNT01_3384734,Kwangdong Freecs,T1,LCK,2023-06-21 12:34:32,T1,1652,T1,Kwangdong Freecs,T1
ESPORTSTMNT01_3385158,Gen.G,DRX,LCK,2023-06-22 08:06:42,Gen.G,1372,Gen.G,Gen.G,Gen.G
ESPORTSTMNT01_3385176,DRX,Gen.G,LCK,2023-06-22 08:52:20,Gen.G,1653,Gen.G,Gen.G,DRX
ESPORTSTMNT01_3385476,Kwangdong Freecs,Nongshim RedForce,LCK,2023-06-23 08:06:46,Kwangdong Freecs,1930,Kwangdong Freecs,Nongshim RedForce,Kwangdong Freecs
ESPORTSTMNT01_3385497,Nongshim RedForce,Kwangdong Freecs,LCK,2023-06-23 09:02:32,Kwangdong Freecs,1824,Kwangdong Freecs,Nongshim RedForce,Kwangdong Freecs
ESPORTSTMNT01_3385750,Dplus KIA,Gen.G,LCK,2023-06-24 06:56:29,Dplus KIA,1866,Gen.G,Gen.G,Dplus KIA
ESPORTSTMNT01_3385759,T1,KT Rolster,LCK,2023-06-24 09:22:10,KT Rolster,1834,KT Rolster,KT Rolster,KT Rolster
ESPORTSTMNT01_3386462,Hanwha Life Esports,Liiv SANDBOX,LCK,2023-06-23 11:36:39,Liiv SANDBOX,1779,Hanwha Life Esports,Liiv SANDBOX,Liiv SANDBOX
ESPORTSTMNT01_3386695,T1,KT Rolster,LCK,2023-06-24 10:16:29,KT Rolster,1590,KT Rolster,T1,KT Rolster
ESPORTSTMNT01_3386968,DRX,Nongshim RedForce,LCK,2023-06-25 06:59:10,DRX,2026,Nongshim RedForce,DRX,Nongshim RedForce
ESPORTSTMNT01_3386993,OKSavingsBank BRION,Hanwha Life Esports,LCK,2023-06-25 10:35:26,Hanwha Life Esports,1711,OKSavingsBank BRION,OKSavingsBank BRION,Hanwha Life Esports
ESPORTSTMNT01_3387063,KT Rolster,Dplus KIA,LCK,2023-06-22 10:37:14,KT Rolster,2221,KT Rolster,KT Rolster,Dplus KIA
ESPORTSTMNT01_3387101,Dplus KIA,KT Rolster,LCK,2023-06-22 11:36:02,KT Rolster,1355,KT Rolster,Dplus KIA,KT Rolster
ESPORTSTMNT01_3387354,Hanwha Life Esports,Liiv SANDBOX,LCK,2023-06-23 10:41:59,Hanwha Life Esports,1858,Hanwha Life Esports,Hanwha Life Esports,Hanwha Life Esports
ESPORTSTMNT01_3387396,Hanwha Life Esports,Liiv SANDBOX,LCK,2023-06-23 12:28:29,Hanwha Life Esports,2455,Hanwha Life Esports,Liiv SANDBOX,Liiv SANDBOX
ESPORTSTMNT01_3387569,Dplus KIA,Gen.G,LCK,2023-06-24 06:05:44,Gen.G,1814,Gen.G,Gen.G,Gen.G
ESPORTSTMNT01_3387594,Gen.G,Dplus KIA,LCK,2023-06-24 07:50:03,Gen.G,1478,Gen.G,Gen.G,Gen.G
ESPORTSTMNT01_3388081,Nongshim RedForce,DRX,LCK,2023-06-25 06:07:28,Nongshim RedForce,1708,Nongshim RedForce,Nongshim RedForce,Nongshim RedForce
ESPORTSTMNT01_3388094,Nongshim RedForce,DRX,LCK,2023-06-25 07:55:59,DRX,2196,Nongshim RedForce,Nongshim RedForce,Nongshim RedForce
ESPORTSTMNT01_3388098,OKSavingsBank BRION,Hanwha Life Esports,LCK,2023-06-25 09:42:47,Hanwha Life Esports,1806,Hanwha Life Esports,OKSavingsBank BRION,OKSavingsBank BRION
ESPORTSTMNT01_3404937,T1,Kwangdong Freecs,LCK,2023-08-02 08:06:21,T1,1420,T1,T1,T1
ESPORTSTMNT01_3404962,T1,Kwangdong Freecs,LCK,2023-08-02 08:51:51,T1,1422,T1,T1,T1
ESPORTSTMNT01_3405926,Nongshim RedForce,Dplus KIA,LCK,2023-08-02 10:37:47,Dplus KIA,2191,Nongshim RedForce,Dplus KIA,Dplus KIA
ESPORTSTMNT01_3405949,Dplus KIA,Nongshim RedForce,LCK,2023-08-02 11:37:29,Dplus KIA,2084,Dplus KIA,Dplus KIA,Nongshim RedForce
ESPORTSTMNT01_3407230,Hanwha Life Esports,Gen.G,LCK,2023-08-03 10:37:40,Gen.G,1826,Hanwha Life Esports,Hanwha Life Esports,Gen.G
ESPORTSTMNT01_3407478,T1,Liiv SANDBOX,LCK,2023-08-04 08:06:05,T1,1680,Liiv SANDBOX,Liiv SANDBOX,Liiv SANDBOX
ESPORTSTMNT01_3407530,T1,Liiv SANDBOX,LCK,2023-08-04 10:24:33,T1,1905,T1,T1,Liiv SANDBOX
ESPORTSTMNT01_3407785,Gen.G,OKSavingsBank BRION,LCK,2023-08-05 09:45:55,OKSavingsBank BRION,1908,Gen.G,OKSavingsBank BRION,OKSavingsBank BRION
ESPORTSTMNT01_3408162,DRX,OKSavingsBank BRION,LCK,2023-08-03 08:06:33,DRX,1990,DRX,DRX,OKSavingsBank BRION
ESPORTSTMNT01_3408177,OKSavingsBank BRION,DRX,LCK,2023-08-03 09:02:11,DRX,1541,DRX,DRX,DRX
ESPORTSTMNT01_3408206,Hanwha Life Esports,Gen.G,LCK,2023-08-03 11:30:08,Gen.G,1566,Gen.G,Gen.G,Gen.G
ESPORTSTMNT01_3408461,Liiv SANDBOX,T1,LCK,2023-08-04 08:57:00,Liiv SANDBOX,201,,,
ESPORTSTMNT01_3408510,KT Rolster,Nongshim RedForce,LCK,2023-08-04 13:02:44,KT Rolster,1668,KT Rolster,Nongshim RedForce,Nongshim RedForce
ESPORTSTMNT01_3408529,Nongshim RedForce,KT Rolster,LCK,2023-08-04 13:52:42,KT Rolster,1715,Nongshim RedForce,KT Rolster,KT Rolster
ESPORTSTMNT01_3408676,Dplus KIA,Hanwha Life Esports,LCK,2023-08-05 07:02:27,Hanwha Life Esports,2046,Dplus KIA,Hanwha Life Esports,Hanwha Life Esports
ESPORTSTMNT01_3409439,Nongshim RedForce,KT Rolster,LCK,2023-08-04 12:06:14,Nongshim RedForce,1998,KT Rolster,KT Rolster,KT Rolster
ESPORTSTMNT01_3409605,Dplus KIA,Hanwha Life Esports,LCK,2023-08-05 06:07:39,Hanwha Life Esports,1898,Hanwha Life Esports,Hanwha Life Esports,Hanwha Life Esports
ESPORTSTMNT01_3409629,OKSavingsBank BRION,Gen.G,LCK,2023-08-05 08:55:43,OKSavingsBank BRION,1680,OKSavingsBank BRION,OKSavingsBank BRION,Gen.G
ESPORTSTMNT01_3409937,DRX,Kwangdong Freecs,LCK,2023-08-06 06:07:48,DRX,1685,DRX,DRX,DRX
ESPORTSTMNT01_3409963,Kwangdong Freecs,DRX,LCK,2023-08-06 07:00:04,DRX,1837,Kwangdong Freecs,DRX,DRX
ESPORTSTMNT01_3410111,Liiv SANDBOX,KT Rolster,LCK,2023-08-06 09:43:51,KT Rolster,2159,Liiv SANDBOX,Liiv SANDBOX,Liiv SANDBOX
ESPORTSTMNT01_3410511,Hanwha Life Esports,DRX,LCK,2023-08-08 08:07:20,Hanwha Life Esports,1985,Hanwha Life Esports,Hanwha Life Esports,DRX
ESPORTSTMNT01_3410713,Dplus KIA,T1,LCK,2023-08-09 08:05:08,T1,1827,Dplus KIA,Dplus KIA,T1
ESPORTSTMNT01_3410723,Dplus KIA,T1,LCK,2023-08-09 08:56:15,Dplus KIA,1964,T1,T1,Dplus KIA
ESPORTSTMNT01_3410725,T1,Dplus KIA,LCK,2023-08-09 09:51:24,T1,2165,Dplus KIA,Dplus KIA,T1
ESPORTSTMNT01_3410923,KT Rolster,T1,LCK,2023-08-10 10:34:23,KT Rolster,1853,KT Rolster,KT Rolster,T1
ESPORTSTMNT01_3410933,T1,KT Rolster,LCK,2023-08-10 11:28:29,T1,2275,T1,KT Rolster,KT Rolster
ESPORTSTMNT01_3411014,KT Rolster,Liiv SANDBOX,LCK,2023-08-06 08:51:32,KT Rolster,1699,KT Rolster,KT Rolster,Liiv SANDBOX
ESPORTSTMNT01_3411490,DRX,Hanwha Life Esports,LCK,2023-08-08 09:02:21,Hanwha Life Esports,1832,DRX,Hanwha Life Esports,Hanwha Life Esports
ESPORTSTMNT01_3411711,Dplus KIA,T1,LCK,2023-08-09 10:49:15,T1,2141,Dplus KIA,Dplus KIA,Dplus KIA
ESPORTSTMNT01_3412431,DRX,Hanwha Life Esports,LCK,2023-08-08 09:54:26,Hanwha Life Esports,2615,Hanwha Life Esports,DRX,DRX
ESPORTSTMNT01_3412825,KT Rolster,T1,LCK,2023-08-10 08:05:40,KT Rolster,1485,KT Rolster,KT Rolster,KT Rolster
ESPORTSTMNT01_3412846,T1,KT Rolster,LCK,2023-08-10 08:52:11,T1,1567,T1,T1,T1
ESPORTSTMNT01_3412852,KT Rolster,T1,LCK,2023-08-10 09:40:34,T1,1931,T1,KT Rolster,KT Rolster
ESPORTSTMNT01_3412987,Gen.G,Hanwha Life Esports,LCK,2023-08-11 08:05:49,Gen.G,1709,Gen.G,Gen.G,Gen.G
ESPORTSTMNT01_3413257,Gen.G,T1,LCK,2023-08-12 07:48:11,T1,1377,T1,Gen.G,T1
ESPORTSTMNT01_3413260,Gen.G,T1,LCK,2023-08-12 08:35:31,Gen.G,1811,T1,T1,Gen.G
ESPORTSTMNT01_3413370,Hanwha Life Esports,KT Rolster,LCK,2023-08-13 07:03:49,KT Rolster,1845,KT Rolster,KT Rolster,Hanwha Life Esports
ESPORTSTMNT01_3415015,Gen.G,Hanwha Life Esports,LCK,2023-08-11 08:55:44,Gen.G,1806,Gen.G,Gen.G,Hanwha Life Esports
ESPORTSTMNT01_3415025,Hanwha Life Esports,Gen.G,LCK,2023-08-11 09:46:51,Gen.G,1919,Gen.G,Gen.G,Gen.G
ESPORTSTMNT01_3415148,Gen.G,T1,LCK,2023-08-12 06:05:18,Gen.G,1738,Gen.G,T1,Gen.G
ESPORTSTMNT01_3415168,T1,Gen.G,LCK,2023-08-12 06:56:27,T1,1781,T1,Gen.G,T1
ESPORTSTMNT01_3415182,T1,Gen.G,LCK,2023-08-12 09:29:52,Gen.G,1773,T1,T1,T1
ESPORTSTMNT01_3415276,KT Rolster,Hanwha Life Esports,LCK,2023-08-13 06:08:19,KT Rolster,1848,KT Rolster,KT Rolster,Hanwha Life Esports
ESPORTSTMNT01_3415307,Hanwha Life Esports,KT Rolster,LCK,2023-08-13 07:56:51,KT Rolster,1867,KT Rolster,KT Rolster,KT Rolster
ESPORTSTMNT01_3415991,T1,KT Rolster,LCK,2023-08-19 10:07:07,T1,2459,T1,T1,T1
ESPORTSTMNT01_3416038,T1,KT Rolster,LCK,2023-08-19 06:23:01,T1,1890,T1,T1,KT Rolster
ESPORTSTMNT01_3416073,KT Rolster,T1,LCK,2023-08-19 07:21:09,T1,1929,T1,T1,KT Rolster
ESPORTSTMNT01_3416074,KT Rolster,T1,LCK,2023-08-19 08:14:58,KT Rolster,1668,KT Rolster,T1,T1
ESPORTSTMNT01_3416088,T1,KT Rolster,LCK,2023-08-19 09:05:59,KT Rolster,2233,T1,KT Rolster,T1
ESPORTSTMNT01_3417138,T1,Gen.G,LCK,2023-08-20 07:20:36,Gen.G,1823,Gen.G,Gen.G,T1
ESPORTSTMNT01_3417141,Gen.G,T1,LCK,2023-08-20 08:17:24,Gen.G,2218,T1,Gen.G,T1
ESPORTSTMNT01_3418098,Gen.G,T1,LCK,2023-08-20 06:25:25,Gen.G,1864,T1,Gen.G,Gen.G
ESPORTSTMNT02_2551149,KT Rolster,Liiv SANDBOX,LCK,2022-01-27 07:03:13,KT Rolster,1721,KT Rolster,KT Rolster,KT Rolster
ESPORTSTMNT02_2551178,Liiv SANDBOX,KT Rolster,LCK,2022-01-27 08:36:54,Liiv SANDBOX,2339,KT Rolster,KT Rolster,Liiv SANDBOX
ESPORTSTMNT02_2551180,KT Rolster,Liiv SANDBOX,LCK,2022-01-27 09:39:44,Liiv SANDBOX,1925,KT Rolster,KT Rolster,KT Rolster
ESPORTSTMNT02_2551187,T1,Nongshim RedForce,LCK,2022-01-27 10:41:31,T1,2813,T1,T1,Nongshim RedForce
ESPORTSTMNT02_2551235,Nongshim RedForce,T1,LCK,2022-01-27 12:31:11,Nongshim RedForce,1837,Nongshim RedForce,Nongshim RedForce,Nongshim RedForce
ESPORTSTMNT02_2551249,T1,Nongshim RedForce,LCK,2022-01-27 13:28:34,T1,2385,T1,Nongshim RedForce,Nongshim RedForce
ESPORTSTMNT02_2551560,Hanwha Life Esports,Dplus KIA,LCK,2022-01-28 04:58:00,Dplus KIA,1832,Dplus KIA,Dplus KIA,Dplus KIA
ESPORTSTMNT02_2551611,Hanwha Life Esports,Dplus KIA,LCK,2022-01-28 08:37:19,Dplus KIA,1573,Dplus KIA,Dplus KIA,Dplus KIA
ESPORTSTMNT02_2551615,BRION,Kwangdong Freecs,LCK,2022-01-28 09:29:24,BRION,2454,Kwangdong Freecs,BRION,Kwangdong Freecs
ESPORTSTMNT02_2551647,Kwangdong Freecs,BRION,LCK,2022-01-28 11:47:39,BRION,2605,Kwangdong Freecs,BRION,Kwangdong Freecs
ESPORTSTMNT02_2552430,Dplus KIA,T1,LCK,2022-01-30 06:56:25,Dplus KIA,3326,T1,Dplus KIA,Dplus KIA
ESPORTSTMNT02_2552458,T1,Dplus KIA,LCK,2022-01-30 09:08:32,T1,1805,T1,T1,T1
ESPORTSTMNT02_2552463,Dplus KIA,T1,LCK,2022-01-30 10:08:32,T1,2030,Dplus KIA,Dplus KIA,T1
ESPORTSTMNT02_2552467,Hanwha Life Esports,Liiv SANDBOX,LCK,2022-01-30 11:07:53,Hanwha Life Esports,2137,Liiv SANDBOX,Liiv SANDBOX,Hanwha Life Esports
ESPORTSTMNT02_2552486,Liiv SANDBOX,Hanwha Life Esports,LCK,2022-01-30 12:47:40,Hanwha Life Esports,1508,Hanwha Life Esports,Hanwha Life Esports,Hanwha Life Esports
ESPORTSTMNT02_2557691,T1,Hanwha Life Esports,LCK,2022-02-09 09:03:00,T1,1505,T1,Hanwha Life Esports,T1
ESPORTSTMNT02_2557693,Hanwha Life Esports,T1,LCK,2022-02-09 09:53:00,T1,2817,T1,T1,Hanwha Life Esports
ESPORTSTMNT02_2557701,DRX,KT Rolster,LCK,2022-02-09 11:51:00,DRX,1782,KT Rolster,DRX,KT Rolster
ESPORTSTMNT02_2557739,KT Rolster,DRX,LCK,2022-02-09 12:21:54,KT Rolster,2778,DRX,DRX,DRX
ESPORTSTMNT02_2557772,DRX,KT Rolster,LCK,2022-02-09 13:56:00,DRX,1967,DRX,KT Rolster,DRX
ESPORTSTMNT02_2558150,Dplus KIA,Kwangdong Freecs,LCK,2022-02-10 08:08:00,Dplus KIA,2317,Kwangdong Freecs,Dplus KIA,Kwangdong Freecs
ESPORTSTMNT02_2558182,Kwangdong Freecs,Dplus KIA,LCK,2022-02-10 09:14:00,Dplus KIA,1909,Dplus KIA,Dplus KIA,Kwangdong Freecs
ESPORTSTMNT02_2558191,Liiv SANDBOX,Gen.G,LCK,2022-02-10 09:47:08,Liiv SANDBOX,1891,Liiv SANDBOX,Liiv SANDBOX,Liiv SANDBOX
ESPORTSTMNT02_2558212,Liiv SANDBOX,Gen.G,LCK,2022-02-10 11:40:38,Gen.G,1777,Gen.G,Gen.G,Gen.G
ESPORTSTMNT02_2558221,Liiv SANDBOX,Gen.G,LCK,2022-02-10 12:33:59,Gen.G,1896,Liiv SANDBOX,Liiv SANDBOX,Gen.G
ESPORTSTMNT02_2558464,Nongshim RedForce,BRION,LCK,2022-02-11 06:09:43,BRION,2304,Nongshim RedForce,Nongshim RedForce,BRION
ESPORTSTMNT02_2558481,Nongshim RedForce,BRION,LCK,2022-02-11 08:46:29,Nongshim RedForce,2427,BRION,Nongshim RedForce,Nongshim RedForce
ESPORTSTMNT02_2558737,Kwangdong Freecs,Nongshim RedForce,LCK,2022-02-13 06:32:43,Kwangdong Freecs,1780,Kwangdong Freecs,Kwangdong Freecs,Nongshim RedForce
ESPORTSTMNT02_2558760,Nongshim RedForce,Kwangdong Freecs,LCK,2022-02-13 08:36:27,Kwangdong Freecs,1657,Kwangdong Freecs,Kwangdong Freecs,Nongshim RedForce
ESPORTSTMNT02_2558763,BRION,KT Rolster,LCK,2022-02-13 09:28:14,KT Rolster,2674,BRION,BRION,BRION
ESPORTSTMNT02_2558803,BRION,KT Rolster,LCK,2022-02-13 11:51:35,BRION,2403,BRION,BRION,BRION
ESPORTSTMNT02_2558810,KT Rolster,BRION,LCK,2022-02-13 12:54:51,KT Rolster,2247,KT Rolster,KT Rolster,BRION
ESPORTSTMNT02_2570899,Gen.G,Kwangdong Freecs,LCK,2022-01-26 08:06:00,Gen.G,1669,Kwangdong Freecs,Gen.G,Gen.G
ESPORTSTMNT02_2570934,Kwangdong Freecs,Gen.G,LCK,2022-01-26 08:59:00,Gen.G,1928,Gen.G,Gen.G,Gen.G
ESPORTSTMNT02_2570944,DRX,BRION,LCK,2022-01-26 11:05:00,DRX,2367,BRION,DRX,BRION
ESPORTSTMNT02_2570976,BRION,DRX,LCK,2022-01-26 12:07:00,DRX,1595,DRX,DRX,DRX
ESPORTSTMNT02_2571957,KT Rolster,Gen.G,LCK,2022-01-29 06:51:26,KT Rolster,2562,KT Rolster,KT Rolster,KT Rolster
ESPORTSTMNT02_2572001,Gen.G,KT Rolster,LCK,2022-01-29 08:50:13,KT Rolster,2259,KT Rolster,KT Rolster,KT Rolster
ESPORTSTMNT02_2572011,Nongshim RedForce,DRX,LCK,2022-01-29 09:54:23,DRX,2253,DRX,Nongshim RedForce,DRX
ESPORTSTMNT02_2572063,Nongshim RedForce,DRX,LCK,2022-01-29 11:46:42,DRX,2827,Nongshim RedForce,DRX,Nongshim RedForce
ESPORTSTMNT02_2577665,T1,Hanwha Life Esports,LCK,2022-02-09 08:07:00,Hanwha Life Esports,1953,T1,Hanwha Life Esports,T1
ESPORTSTMNT02_2578530,BRION,Nongshim RedForce,LCK,2022-02-11 09:52:39,BRION,2175,BRION,BRION,BRION
ESPORTSTMNT02_2578534,DRX,Hanwha Life Esports,LCK,2022-02-11 10:53:26,DRX,2117,Hanwha Life Esports,Hanwha Life Esports,DRX
ESPORTSTMNT02_2578570,Hanwha Life Esports,DRX,LCK,2022-02-11 12:35:52,Hanwha Life Esports,2570,DRX,Hanwha Life Esports,DRX
ESPORTSTMNT02_2578572,DRX,Hanwha Life Esports,LCK,2022-02-11 13:41:29,DRX,2431,Hanwha Life Esports,Hanwha Life Esports,Hanwha Life Esports
ESPORTSTMNT02_2578644,T1,Gen.G,LCK,2022-02-12 06:05:04,T1,2746,Gen.G,T1,T1
ESPORTSTMNT02_2578670,T1,Gen.G,LCK,2022-02-12 08:52:54,T1,1833,T1,Gen.G,Gen.G
ESPORTSTMNT02_2578683,Liiv SANDBOX,Dplus KIA,LCK,2022-02-12 09:48:29,Dplus KIA,1825,Dplus KIA,Dplus KIA,Liiv SANDBOX
ESPORTSTMNT02_2578705,Liiv SANDBOX,Dplus KIA,LCK,2022-02-12 11:39:40,Dplus KIA,2241,Dplus KIA,Liiv SANDBOX,Liiv SANDBOX
ESPORTSTMNT02_2661657,Nongshim RedForce,KT Rolster,LCK,2022-03-16 07:32:42,Nongshim RedForce,2234,Nongshim RedForce,Nongshim RedForce,Nongshim RedForce
ESPORTSTMNT02_2661670,KT Rolster,Nongshim RedForce,LCK,2022-03-16 08:47:51,KT Rolster,2023,Nongshim RedForce,KT Rolster,KT Rolster
ESPORTSTMNT02_2661674,Nongshim RedForce,KT Rolster,LCK,2022-03-16 09:47:31,KT Rolster,1553,KT Rolster,KT Rolster,KT Rolster
ESPORTSTMNT02_2662077,DRX,Dplus KIA,LCK,2022-03-17 08:39:25,Dplus KIA,1633,Dplus KIA,Dplus KIA,DRX
ESPORTSTMNT02_2662096,Kwangdong Freecs,Hanwha Life Esports,LCK,2022-03-17 09:43:15,Kwangdong Freecs,1814,Kwangdong Freecs,Kwangdong Freecs,Kwangdong Freecs
ESPORTSTMNT02_2662116,Hanwha Life Esports,Kwangdong Freecs,LCK,2022-03-17 11:39:22,Hanwha Life Esports,1811,Hanwha Life Esports,Kwangdong Freecs,Hanwha Life Esports
ESPORTSTMNT02_2662130,Kwangdong Freecs,Hanwha Life Esports,LCK,2022-03-17 12:33:40,Kwangdong Freecs,2190,Kwangdong Freecs,Kwangdong Freecs,Kwangdong Freecs
ESPORTSTMNT02_2662403,T1,Liiv SANDBOX,LCK,2022-03-18 06:41:12,Liiv SANDBOX,2465,T1,T1,Liiv SANDBOX
ESPORTSTMNT02_2662701,Hanwha Life Esports,Nongshim RedForce,LCK,2022-03-19 08:51:56,Nongshim RedForce,1653,Nongshim RedForce,Nongshim RedForce,Nongshim RedForce
ESPORTSTMNT02_2662722,BRION,Dplus KIA,LCK,2022-03-19 09:45:38,BRION,2393,BRION,Dplus KIA,Dplus KIA
ESPORTSTMNT02_2662767,Dplus KIA,BRION,LCK,2022-03-19 11:47:10,BRION,1644,Dplus KIA,BRION,BRION
ESPORTSTMNT02_2663581,Dplus KIA,BRION,LCK,2022-03-23 06:13:18,Dplus KIA,2394,BRION,BRION,Dplus KIA
ESPORTSTMNT02_2663614,BRION,Dplus KIA,LCK,2022-03-23 08:49:41,Dplus KIA,1955,Dplus KIA,BRION,BRION
ESPORTSTMNT02_2663616,Dplus KIA,BRION,LCK,2022-03-23 09:46:22,Dplus KIA,1615,Dplus KIA,BRION,BRION
ESPORTSTMNT02_2663759,DRX,Kwangdong Freecs,LCK,2022-03-24 06:05:22,Kwangdong Freecs,2247,DRX,DRX,DRX
ESPORTSTMNT02_2664035,Kwangdong Freecs,T1,LCK,2022-03-26 08:38:18,T1,1216,T1,Kwangdong Freecs,T1
ESPORTSTMNT02_2664040,Kwangdong Freecs,T1,LCK,2022-03-26 09:21:35,T1,1918,T1,T1,T1
ESPORTSTMNT02_2664192,Gen.G,Dplus KIA,LCK,2022-03-27 07:01:45,Dplus KIA,2300,Gen.G,Dplus KIA,Dplus KIA
ESPORTSTMNT02_2664226,Dplus KIA,Gen.G,LCK,2022-03-27 08:48:43,Gen.G,2247,Dplus KIA,Dplus KIA,Dplus KIA
ESPORTSTMNT02_2664231,Gen.G,Dplus KIA,LCK,2022-03-27 09:50:27,Dplus KIA,2120,Gen.G,Dplus KIA,Dplus KIA
ESPORTSTMNT02_2664241,Gen.G,Dplus KIA,LCK,2022-03-27 10:50:57,Gen.G,1983,Dplus KIA,Gen.G,Gen.G
ESPORTSTMNT02_2664248,Dplus KIA,Gen.G,LCK,2022-03-27 11:48:54,Gen.G,2046,Dplus KIA,Dplus KIA,Gen.G
ESPORTSTMNT02_2671880,DRX,Dplus KIA,LCK,2022-03-17 06:31:35,Dplus KIA,1537,Dplus KIA,Dplus KIA,Dplus KIA
ESPORTSTMNT02_2672267,Liiv SANDBOX,T1,LCK,2022-03-18 08:52:07,T1,1293,T1,T1,T1
ESPORTSTMNT02_2672271,T1,Liiv SANDBOX,LCK,2022-03-18 09:39:38,T1,1494,T1,T1,Liiv SANDBOX
ESPORTSTMNT02_2672279,Gen.G,KT Rolster,LCK,2022-03-18 10:34:54,Gen.G,1919,Gen.G,Gen.G,KT Rolster
ESPORTSTMNT02_2672309,KT Rolster,Gen.G,LCK,2022-03-18 12:12:42,KT Rolster,1265,KT Rolster,KT Rolster,KT Rolster
ESPORTSTMNT02_2672315,Gen.G,KT Rolster,LCK,2022-03-18 12:58:38,Gen.G,1652,Gen.G,Gen.G,KT Rolster
ESPORTSTMNT02_2672498,Nongshim RedForce,Hanwha Life Esports,LCK,2022-03-19 07:02:12,Nongshim RedForce,2597,Nongshim RedForce,Nongshim RedForce,Hanwha Life Esports
ESPORTSTMNT02_2672695,Kwangdong Freecs,Liiv SANDBOX,LCK,2022-03-20 04:05:10,Kwangdong Freecs,1918,Liiv SANDBOX,Liiv SANDBOX,Liiv SANDBOX
ESPORTSTMNT02_2672723,Liiv SANDBOX,Kwangdong Freecs,LCK,2022-03-20 06:41:55,Kwangdong Freecs,2094,Liiv SANDBOX,Liiv SANDBOX,Liiv SANDBOX
ESPORTSTMNT02_2672727,T1,DRX,LCK,2022-03-20 07:42:29,T1,1764,T1,T1,DRX
ESPORTSTMNT02_2672743,DRX,T1,LCK,2022-03-20 09:39:13,T1,1831,DRX,T1,T1
ESPORTSTMNT02_2672758,Kwangdong Freecs,BRION,LCK,2022-03-20 10:37:02,Kwangdong Freecs,2499,BRION,Kwangdong Freecs,Kwangdong Freecs
ESPORTSTMNT02_2673595,DRX,Kwangdong Freecs,LCK,2022-03-24 08:45:52,DRX,2417,DRX,DRX,Kwangdong Freecs
ESPORTSTMNT02_2673596,Kwangdong Freecs,DRX,LCK,2022-03-24 09:51:49,Kwangdong Freecs,2110,Kwangdong Freecs,Kwangdong Freecs,DRX
ESPORTSTMNT02_2673599,DRX,Kwangdong Freecs,LCK,2022-03-24 10:52:05,DRX,1834,DRX,Kwangdong Freecs,Kwangdong Freecs
ESPORTSTMNT02_2673605,Kwangdong Freecs,DRX,LCK,2022-03-24 11:45:17,Kwangdong Freecs,2402,Kwangdong Freecs,Kwangdong Freecs,DRX
ESPORTSTMNT02_2673855,T1,Kwangdong Freecs,LCK,2022-03-26 06:59:45,T1,1577,T1,T1,Kwangdong Freecs
ESPORTSTMNT02_2674644,Gen.G,T1,LCK,2022-04-02 07:12:38,T1,1809,Gen.G,Gen.G,Gen.G
ESPORTSTMNT02_2674660,Gen.G,T1,LCK,2022-04-02 09:11:08,Gen.G,2138,T1,T1,Gen.G
ESPORTSTMNT02_2674677,T1,Gen.G,LCK,2022-04-02 10:20:21,T1,2247,T1,T1,Gen.G
ESPORTSTMNT02_2674680,Gen.G,T1,LCK,2022-04-02 11:30:46,T1,1675,T1,T1,Gen.G
ESPORTSTMNT02_2810546,Kwangdong Freecs,Hanwha Life Esports,LCK,2022-06-15 06:51:56,Kwangdong Freecs,2280,Kwangdong Freecs,Hanwha Life Esports,Kwangdong Freecs
ESPORTSTMNT02_2820281,Hanwha Life Esports,Kwangdong Freecs,LCK,2022-06-15 09:00:17,Hanwha Life Esports,2326,Kwangdong Freecs,Hanwha Life Esports,Hanwha Life Esports
ESPORTSTMNT02_2820291,Kwangdong Freecs,Hanwha Life Esports,LCK,2022-06-15 10:02:25,Kwangdong Freecs,1906,Kwangdong Freecs,Kwangdong Freecs,Kwangdong Freecs
ESPORTSTMNT02_2820303,Nongshim RedForce,DRX,LCK,2022-06-15 10:59:29,DRX,2804,DRX,Nongshim RedForce,Nongshim RedForce
ESPORTSTMNT02_2820359,Nongshim RedForce,DRX,LCK,2022-06-15 12:55:42,DRX,2500,Nongshim RedForce,Nongshim RedForce,DRX
ESPORTSTMNT02_2830073,BRION,Dplus KIA,LCK,2022-06-16 11:48:41,Dplus KIA,2490,Dplus KIA,Dplus KIA,BRION
ESPORTSTMNT02_2830653,Gen.G,Hanwha Life Esports,LCK,2022-06-18 08:15:57,Gen.G,1423,Gen.G,Gen.G,Gen.G
ESPORTSTMNT02_2830654,Hanwha Life Esports,Gen.G,LCK,2022-06-18 08:44:59,Gen.G,1835,Hanwha Life Esports,Gen.G,Gen.G
ESPORTSTMNT02_2830660,DRX,BRION,LCK,2022-06-18 09:40:33,DRX,2438,DRX,DRX,BRION
ESPORTSTMNT02_2830678,BRION,DRX,LCK,2022-06-18 11:50:42,DRX,2402,DRX,DRX,DRX
ESPORTSTMNT02_2830769,KT Rolster,T1,LCK,2022-06-19 06:55:20,KT Rolster,1916,T1,KT Rolster,T1
ESPORTSTMNT02_2830808,T1,KT Rolster,LCK,2022-06-19 08:47:21,T1,1839,KT Rolster,KT Rolster,KT Rolster
ESPORTSTMNT02_2830829,Liiv SANDBOX,Dplus KIA,LCK,2022-06-19 12:52:05,Dplus KIA,1645,Dplus KIA,Liiv SANDBOX,Liiv SANDBOX
ESPORTSTMNT02_2840016,KT Rolster,Gen.G,LCK,2022-06-16 07:11:08,Gen.G,1966,Gen.G,Gen.G,KT Rolster
ESPORTSTMNT02_2840052,KT Rolster,Gen.G,LCK,2022-06-16 08:48:04,Gen.G,2092,KT Rolster,KT Rolster,KT Rolster
ESPORTSTMNT02_2840060,BRION,Dplus KIA,LCK,2022-06-16 10:27:35,Dplus KIA,2136,Dplus KIA,Dplus KIA,Dplus KIA
ESPORTSTMNT02_2840427,Liiv SANDBOX,Kwangdong Freecs,LCK,2022-06-17 07:19:10,Liiv SANDBOX,2200,Kwangdong Freecs,Kwangdong Freecs,Kwangdong Freecs
ESPORTSTMNT02_2840440,Kwangdong Freecs,Liiv SANDBOX,LCK,2022-06-17 08:58:09,Liiv SANDBOX,1990,Liiv SANDBOX,Kwangdong Freecs,Liiv SANDBOX
ESPORTSTMNT02_2840731,KT Rolster,T1,LCK,2022-06-19 10:12:05,T1,2660,T1,T1,T1
ESPORTSTMNT02_2840747,Dplus KIA,Liiv SANDBOX,LCK,2022-06-19 12:18:26,Dplus KIA,1681,Liiv SANDBOX,Dplus KIA,Liiv SANDBOX
ESPORTSTMNT02_3148631,DRX,KT Rolster,LCK,2023-02-15 08:07:36,KT Rolster,1593,KT Rolster,KT Rolster,KT Rolster
ESPORTSTMNT02_3148704,Nongshim RedForce,Hanwha Life Esports,LCK,2023-02-15 11:39:14,Hanwha Life Esports,2089,Hanwha Life Esports,Hanwha Life Esports,Hanwha Life Esports
ESPORTSTMNT02_3148999,Kwangdong Freecs,Gen.G,LCK,2023-02-16 12:27:12,Gen.G,1730,Kwangdong Freecs,Kwangdong Freecs,Kwangdong Freecs
ESPORTSTMNT02_3149952,BRION,Dplus KIA,LCK,2023-02-16 08:07:26,Dplus KIA,1931,Dplus KIA,BRION,Dplus KIA
ESPORTSTMNT02_3150633,KT Rolster,DRX,LCK,2023-02-15 08:57:15,KT Rolster,1893,DRX,KT Rolster,DRX
ESPORTSTMNT02_3150637,Nongshim RedForce,Hanwha Life Esports,LCK,2023-02-15 10:37:15,Hanwha Life Esports,2319,Hanwha Life Esports,Hanwha Life Esports,Nongshim RedForce
ESPORTSTMNT02_3150955,BRION,Dplus KIA,LCK,2023-02-16 09:01:44,Dplus KIA,1913,Dplus KIA,Dplus KIA,Dplus KIA
ESPORTSTMNT02_3150959,Kwangdong Freecs,Gen.G,LCK,2023-02-16 10:37:30,Gen.G,1770,Gen.G,Gen.G,Gen.G
ESPORTSTMNT02_3151024,Kwangdong Freecs,Gen.G,LCK,2023-02-16 11:29:39,Kwangdong Freecs,2109,Gen.G,Gen.G,Kwangdong Freecs
ESPORTSTMNT02_3151319,Liiv SANDBOX,T1,LCK,2023-02-17 08:07:04,Liiv SANDBOX,1595,T1,Liiv SANDBOX,Liiv SANDBOX
ESPORTSTMNT02_3151356,T1,Liiv SANDBOX,LCK,2023-02-17 08:58:00,T1,1549,T1,T1,T1
ESPORTSTMNT02_3151375,Hanwha Life Esports,DRX,LCK,2023-02-17 11:26:52,Hanwha Life Esports,1954,Hanwha Life Esports,Hanwha Life Esports,DRX
ESPORTSTMNT02_3151399,DRX,Hanwha Life Esports,LCK,2023-02-17 12:23:32,Hanwha Life Esports,1855,Hanwha Life Esports,DRX,DRX
ESPORTSTMNT02_3151678,Kwangdong Freecs,BRION,LCK,2023-02-18 06:07:18,Kwangdong Freecs,1850,BRION,Kwangdong Freecs,BRION
ESPORTSTMNT02_3151708,Nongshim RedForce,KT Rolster,LCK,2023-02-18 09:52:41,KT Rolster,1742,KT Rolster,Nongshim RedForce,KT Rolster
ESPORTSTMNT02_3151734,Nongshim RedForce,KT Rolster,LCK,2023-02-18 10:43:03,KT Rolster,1549,KT Rolster,KT Rolster,KT Rolster
ESPORTSTMNT02_3152336,Liiv SANDBOX,T1,LCK,2023-02-17 09:45:24,T1,2040,T1,T1,T1
ESPORTSTMNT02_3152651,Kwangdong Freecs,BRION,LCK,2023-02-18 08:01:44,BRION,2485,BRION,Kwangdong Freecs,Kwangdong Freecs
ESPORTSTMNT02_3153683,BRION,Kwangdong Freecs,LCK,2023-02-18 07:00:03,BRION,2432,BRION,BRION,Kwangdong Freecs
ESPORTSTMNT02_3154050,T1,Gen.G,LCK,2023-02-19 06:06:35,Gen.G,2310,T1,Gen.G,Gen.G
ESPORTSTMNT02_3154086,Dplus KIA,Liiv SANDBOX,LCK,2023-02-19 09:47:08,Liiv SANDBOX,1975,Liiv SANDBOX,Dplus KIA,Liiv SANDBOX
ESPORTSTMNT02_3155063,Gen.G,T1,LCK,2023-02-19 07:56:46,T1,2639,Gen.G,T1,Gen.G
ESPORTSTMNT02_3156036,T1,Gen.G,LCK,2023-02-19 07:06:40,T1,1661,T1,Gen.G,Gen.G
ESPORTSTMNT02_3156083,Dplus KIA,Liiv SANDBOX,LCK,2023-02-19 10:42:38,Liiv SANDBOX,1822,Dplus KIA,Liiv SANDBOX,Liiv SANDBOX
ESPORTSTMNT02_3157736,Nongshim RedForce,Gen.G,LCK,2023-02-22 08:56:06,Gen.G,2145,Nongshim RedForce,Nongshim RedForce,Nongshim RedForce
ESPORTSTMNT02_3158638,Nongshim RedForce,Gen.G,LCK,2023-02-22 08:05:57,Gen.G,1777,Gen.G,Gen.G,Gen.G
ESPORTSTMNT02_3158788,Dplus KIA,KT Rolster,LCK,2023-02-22 11:34:07,Dplus KIA,1888,Dplus KIA,KT Rolster,Dplus KIA
ESPORTSTMNT02_3159649,KT Rolster,Dplus KIA,LCK,2023-02-22 10:42:52,Dplus KIA,1674,Dplus KIA,Dplus KIA,Dplus KIA
ESPORTSTMNT02_3160419,Hanwha Life Esports,BRION,LCK,2023-02-23 10:09:54,Hanwha Life Esports,1818,Hanwha Life Esports,BRION,BRION
ESPORTSTMNT02_3160953,Gen.G,DRX,LCK,2023-02-24 08:07:08,Gen.G,1567,Gen.G,Gen.G,Gen.G
ESPORTSTMNT02_3160975,DRX,Gen.G,LCK,2023-02-24 08:55:10,Gen.G,1629,Gen.G,Gen.G,Gen.G
ESPORTSTMNT02_3160991,Dplus KIA,Kwangdong Freecs,LCK,2023-02-24 10:36:34,Dplus KIA,2190,Kwangdong Freecs,Kwangdong Freecs,Kwangdong Freecs
ESPORTSTMNT02_3161272,Hanwha Life Esports,BRION,LCK,2023-02-23 08:07:00,Hanwha Life Esports,2227,Hanwha Life Esports,Hanwha Life Esports,BRION
ESPORTSTMNT02_3161348,BRION,Hanwha Life Esports,LCK,2023-02-23 09:05:46,BRION,2557,BRION,Hanwha Life Esports,BRION
ESPORTSTMNT02_3161391,T1,Liiv SANDBOX,LCK,2023-02-23 11:40:43,T1,1841,T1,Liiv SANDBOX,Liiv SANDBOX
ESPORTSTMNT02_3162355,Liiv SANDBOX,T1,LCK,2023-02-23 12:33:48,T1,1665,T1,Liiv SANDBOX,T1
ESPORTSTMNT02_3163043,Kwangdong Freecs,Dplus KIA,LCK,2023-02-24 11:35:14,Dplus KIA,2335,Kwangdong Freecs,Dplus KIA,Kwangdong Freecs
ESPORTSTMNT02_3163421,T1,KT Rolster,LCK,2023-02-25 06:04:50,T1,1433,T1,T1,T1
ESPORTSTMNT02_3163473,Nongshim RedForce,Liiv SANDBOX,LCK,2023-02-25 08:37:37,Nongshim RedForce,3107,Liiv SANDBOX,Liiv SANDBOX,Liiv SANDBOX
ESPORTSTMNT02_3163529,Nongshim RedForce,Liiv SANDBOX,LCK,2023-02-25 10:55:00,Liiv SANDBOX,1783,Liiv SANDBOX,Liiv SANDBOX,Liiv SANDBOX
ESPORTSTMNT02_3163849,BRION,DRX,LCK,2023-02-26 08:06:25,DRX,2788,BRION,DRX,BRION
ESPORTSTMNT02_3163865,Hanwha Life Esports,Kwangdong Freecs,LCK,2023-02-26 10:00:46,Hanwha Life Esports,1751,Hanwha Life Esports,Hanwha Life Esports,Hanwha Life Esports
ESPORTSTMNT02_3164423,T1,KT Rolster,LCK,2023-02-25 06:51:15,T1,1629,T1,KT Rolster,T1
ESPORTSTMNT02_3164479,Liiv SANDBOX,Nongshim RedForce,LCK,2023-02-25 09:52:22,Liiv SANDBOX,2407,Nongshim RedForce,Nongshim RedForce,Nongshim RedForce
ESPORTSTMNT02_3164832,DRX,BRION,LCK,2023-02-26 07:12:34,DRX,1982,DRX,BRION,DRX
ESPORTSTMNT02_3164896,Kwangdong Freecs,Hanwha Life Esports,LCK,2023-02-26 10:52:00,Hanwha Life Esports,1762,Kwangdong Freecs,Hanwha Life Esports,Kwangdong Freecs
ESPORTSTMNT02_3165696,BRION,DRX,LCK,2023-02-26 06:05:19,BRION,2563,BRION,DRX,BRION
ESPORTSTMNT02_3213109,Hanwha Life Esports,Dplus KIA,LCK,2023-06-28 08:06:54,Dplus KIA,1976,Hanwha Life Esports,Dplus KIA,Dplus KIA
ESPORTSTMNT02_3213439,Gen.G,OKSavingsBank BRION,LCK,2023-06-29 08:05:56,Gen.G,2715,Gen.G,Gen.G,OKSavingsBank BRION
ESPORTSTMNT02_3213452,OKSavingsBank BRION,Gen.G,LCK,2023-06-29 09:14:03,Gen.G,1862,Gen.G,Gen.G,Gen.G
ESPORTSTMNT02_3213761,Nongshim RedForce,KT Rolster,LCK,2023-06-30 08:57:36,KT Rolster,1841,KT Rolster,KT Rolster,KT Rolster
ESPORTSTMNT02_3213774,T1,Dplus KIA,LCK,2023-06-30 10:35:23,T1,1655,T1,Dplus KIA,T1
ESPORTSTMNT02_3214098,KT Rolster,Kwangdong Freecs,LCK,2023-06-28 10:36:57,KT Rolster,2159,KT Rolster,Kwangdong Freecs,KT Rolster
ESPORTSTMNT02_3214136,KT Rolster,Kwangdong Freecs,LCK,2023-06-28 11:38:50,KT Rolster,1562,KT Rolster,KT Rolster,KT Rolster
ESPORTSTMNT02_3214430,DRX,Liiv SANDBOX,LCK,2023-06-29 11:55:14,DRX,1743,DRX,DRX,DRX
ESPORTSTMNT02_3214449,Liiv SANDBOX,DRX,LCK,2023-06-29 12:46:12,DRX,2404,Liiv SANDBOX,Liiv SANDBOX,Liiv SANDBOX
ESPORTSTMNT02_3214964,OKSavingsBank BRION,DRX,LCK,2023-07-01 06:06:02,OKSavingsBank BRION,2052,OKSavingsBank BRION,OKSavingsBank BRION,DRX
ESPORTSTMNT02_3214984,DRX,OKSavingsBank BRION,LCK,2023-07-01 07:01:19,DRX,1735,DRX,DRX,DRX
ESPORTSTMNT02_3215087,Hanwha Life Esports,Dplus KIA,LCK,2023-06-28 09:01:22,Dplus KIA,1629,Dplus KIA,Dplus KIA,Dplus KIA
ESPORTSTMNT02_3215424,DRX,Liiv SANDBOX,LCK,2023-06-29 10:52:26,Liiv SANDBOX,2464,Liiv SANDBOX,Liiv SANDBOX,Liiv SANDBOX
ESPORTSTMNT02_3216219,KT Rolster,Nongshim RedForce,LCK,2023-06-30 08:06:40,KT Rolster,1704,KT Rolster,KT Rolster,Nongshim RedForce
ESPORTSTMNT02_3216293,Dplus KIA,T1,LCK,2023-06-30 11:25:04,T1,1810,T1,T1,Dplus KIA
ESPORTSTMNT02_3216537,OKSavingsBank BRION,DRX,LCK,2023-07-01 07:52:10,OKSavingsBank BRION,1974,DRX,OKSavingsBank BRION,DRX
ESPORTSTMNT02_3216741,Hanwha Life Esports,Gen.G,LCK,2023-07-02 06:59:37,Gen.G,1718,Gen.G,Hanwha Life Esports,Hanwha Life Esports
ESPORTSTMNT02_3216786,Nongshim RedForce,T1,LCK,2023-07-02 10:21:07,T1,1692,T1,T1,T1
ESPORTSTMNT02_3217044,Kwangdong Freecs,Liiv SANDBOX,LCK,2023-07-01 09:32:15,Kwangdong Freecs,1627,Liiv SANDBOX,Kwangdong Freecs,Kwangdong Freecs
ESPORTSTMNT02_3217077,Liiv SANDBOX,Kwangdong Freecs,LCK,2023-07-01 10:21:43,Kwangdong Freecs,2214,Liiv SANDBOX,Kwangdong Freecs,Kwangdong Freecs
ESPORTSTMNT02_3217234,Gen.G,Hanwha Life Esports,LCK,2023-07-02 06:06:55,Gen.G,1741,Gen.G,Hanwha Life Esports,Hanwha Life Esports
ESPORTSTMNT02_3217260,T1,Nongshim RedForce,LCK,2023-07-02 08:35:57,Nongshim RedForce,2069,T1,Nongshim RedForce,Nongshim RedForce
ESPORTSTMNT02_3217733,Dplus KIA,Kwangdong Freecs,LCK,2023-07-05 08:59:12,Dplus KIA,1800,Dplus KIA,Dplus KIA,Dplus KIA
ESPORTSTMNT02_3217738,DRX,T1,LCK,2023-07-05 10:34:52,DRX,1879,T1,DRX,T1
ESPORTSTMNT02_3217759,T1,DRX,LCK,2023-07-05 11:28:41,DRX,1950,DRX,T1,DRX
ESPORTSTMNT02_3217854,Liiv SANDBOX,Gen.G,LCK,2023-07-06 10:35:48,Gen.G,1860,Gen.G,Gen.G,Liiv SANDBOX
ESPORTSTMNT02_3217904,OKSavingsBank BRION,KT Rolster,LCK,2023-07-07 08:06:22,KT Rolster,1837,KT Rolster,OKSavingsBank BRION,KT Rolster
ESPORTSTMNT02_3217922,Dplus KIA,DRX,LCK,2023-07-07 10:40:48,Dplus KIA,1533,Dplus KIA,DRX,Dplus KIA
ESPORTSTMNT02_3217939,DRX,Dplus KIA,LCK,2023-07-07 11:27:39,Dplus KIA,1496,Dplus KIA,Dplus KIA,Dplus KIA
ESPORTSTMNT02_3217961,T1,Gen.G,LCK,2023-07-08 06:05:28,Gen.G,1606,Gen.G,Gen.G,Gen.G
ESPORTSTMNT02_3217972,Gen.G,T1,LCK,2023-07-08 06:53:01,Gen.G,1747,Gen.G,T1,T1
ESPORTSTMNT02_3217976,Nongshim RedForce,Liiv SANDBOX,LCK,2023-07-08 08:36:52,Nongshim RedForce,2061,Liiv SANDBOX,Nongshim RedForce,Liiv SANDBOX
ESPORTSTMNT02_3218220,T1,Nongshim RedForce,LCK,2023-07-02 09:32:39,T1,1610,T1,Nongshim RedForce,Nongshim RedForce
ESPORTSTMNT02_3218856,OKSavingsBank BRION,KT Rolster,LCK,2023-07-07 08:59:07,KT Rolster,1958,OKSavingsBank BRION,OKSavingsBank BRION,OKSavingsBank BRION
ESPORTSTMNT02_3218962,KT Rolster,OKSavingsBank BRION,LCK,2023-07-09 06:05:14,KT Rolster,1752,OKSavingsBank BRION,KT Rolster,OKSavingsBank BRION
ESPORTSTMNT02_3218971,OKSavingsBank BRION,KT Rolster,LCK,2023-07-09 06:56:45,KT Rolster,1912,OKSavingsBank BRION,OKSavingsBank BRION,KT Rolster
ESPORTSTMNT02_3219173,Dplus KIA,Kwangdong Freecs,LCK,2023-07-05 08:07:48,Dplus KIA,1805,Dplus KIA,Dplus KIA,Dplus KIA
ESPORTSTMNT02_3219287,Nongshim RedForce,Hanwha Life Esports,LCK,2023-07-06 08:05:31,Hanwha Life Esports,1466,Hanwha Life Esports,Hanwha Life Esports,Nongshim RedForce
ESPORTSTMNT02_3219293,Nongshim RedForce,Hanwha Life Esports,LCK,2023-07-06 08:52:58,Hanwha Life Esports,1419,Nongshim RedForce,Hanwha Life Esports,Hanwha Life Esports
ESPORTSTMNT02_3219312,Liiv SANDBOX,Gen.G,LCK,2023-07-06 11:27:41,Gen.G,1428,Gen.G,Gen.G,Gen.G
ESPORTSTMNT02_3219429,Liiv SANDBOX,Nongshim RedForce,LCK,2023-07-08 09:34:31,Nongshim RedForce,2336,Liiv SANDBOX,Liiv SANDBOX,Nongshim RedForce
ESPORTSTMNT02_3219458,Kwangdong Freecs,Hanwha Life Esports,LCK,2023-07-09 08:38:24,Hanwha Life Esports,2131,Hanwha Life Esports,Hanwha Life Esports,Hanwha Life Esports
ESPORTSTMNT02_3219628,Dplus KIA,Liiv SANDBOX,LCK,2023-07-12 09:06:53,Dplus KIA,2042,Liiv SANDBOX,Dplus KIA,Liiv SANDBOX
ESPORTSTMNT02_3219631,Gen.G,Nongshim RedForce,LCK,2023-07-12 10:44:50,Gen.G,1373,Gen.G,Gen.G,Nongshim RedForce
ESPORTSTMNT02_3219719,Hanwha Life Esports,KT Rolster,LCK,2023-07-13 08:07:55,KT Rolster,1572,KT Rolster,Hanwha Life Esports,Hanwha Life Esports
ESPORTSTMNT02_3219737,Hanwha Life Esports,KT Rolster,LCK,2023-07-13 08:56:35,Hanwha Life Esports,1811,Hanwha Life Esports,Hanwha Life Esports,Hanwha Life Esports
ESPORTSTMNT02_3219742,KT Rolster,Hanwha Life Esports,LCK,2023-07-13 09:49:34,KT Rolster,1844,KT Rolster,KT Rolster,KT Rolster
ESPORTSTMNT02_3219750,OKSavingsBank BRION,Kwangdong Freecs,LCK,2023-07-13 11:26:48,OKSavingsBank BRION,2055,OKSavingsBank BRION,Kwangdong Freecs,OKSavingsBank BRION
ESPORTSTMNT02_3219771,Kwangdong Freecs,OKSavingsBank BRION,LCK,2023-07-13 12:23:45,Kwangdong Freecs,2058,OKSavingsBank BRION,Kwangdong Freecs,Kwangdong Freecs
ESPORTSTMNT02_3219847,T1,Nongshim RedForce,LCK,2023-07-14 09:04:55,T1,1680,T1,T1,T1
ESPORTSTMNT02_3219915,Kwangdong Freecs,Liiv SANDBOX,LCK,2023-07-15 06:55:08,Liiv SANDBOX,1453,Liiv SANDBOX,Liiv SANDBOX,Liiv SANDBOX
ESPORTSTMNT02_3219921,Hanwha Life Esports,OKSavingsBank BRION,LCK,2023-07-15 08:36:54,OKSavingsBank BRION,1807,OKSavingsBank BRION,Hanwha Life Esports,OKSavingsBank BRION
ESPORTSTMNT02_3219940,Hanwha Life Esports,OKSavingsBank BRION,LCK,2023-07-15 09:29:06,Hanwha Life Esports,1954,Hanwha Life Esports,OKSavingsBank BRION,OKSavingsBank BRION
ESPORTSTMNT02_3220043,Kwangdong Freecs,Hanwha Life Esports,LCK,2023-07-09 09:35:58,Hanwha Life Esports,2674,Kwangdong Freecs,Kwangdong Freecs,Kwangdong Freecs
ESPORTSTMNT02_3220410,T1,Nongshim RedForce,LCK,2023-07-14 08:05:38,T1,2280,T1,Nongshim RedForce,T1
ESPORTSTMNT02_3220426,DRX,Gen.G,LCK,2023-07-14 10:41:16,Gen.G,1974,Gen.G,Gen.G,Gen.G
ESPORTSTMNT02_3220450,DRX,Gen.G,LCK,2023-07-14 11:36:42,Gen.G,1667,Gen.G,Gen.G,Gen.G
ESPORTSTMNT02_3220488,Kwangdong Freecs,Liiv SANDBOX,LCK,2023-07-15 06:06:07,Liiv SANDBOX,1605,Liiv SANDBOX,Liiv SANDBOX,Liiv SANDBOX
ESPORTSTMNT02_3220527,OKSavingsBank BRION,Hanwha Life Esports,LCK,2023-07-15 10:23:34,Hanwha Life Esports,1987,Hanwha Life Esports,OKSavingsBank BRION,Hanwha Life Esports
ESPORTSTMNT02_3220608,KT Rolster,DRX,LCK,2023-07-16 09:01:54,KT Rolster,1611,DRX,KT Rolster,DRX
ESPORTSTMNT02_3220839,Liiv SANDBOX,Hanwha Life Esports,LCK,2023-07-19 10:46:28,Hanwha Life Esports,1745,Hanwha Life Esports,Hanwha Life Esports,Hanwha Life Esports
ESPORTSTMNT02_3220856,Liiv SANDBOX,Hanwha Life Esports,LCK,2023-07-19 11:37:32,Hanwha Life Esports,2050,Hanwha Life Esports,Hanwha Life Esports,Hanwha Life Esports
ESPORTSTMNT02_3220910,Gen.G,Kwangdong Freecs,LCK,2023-07-20 09:18:37,Gen.G,1859,Kwangdong Freecs,Gen.G,Kwangdong Freecs
ESPORTSTMNT02_3220950,Dplus KIA,OKSavingsBank BRION,LCK,2023-07-21 08:55:59,Dplus KIA,1851,OKSavingsBank BRION,OKSavingsBank BRION,Dplus KIA
ESPORTSTMNT02_3220958,Hanwha Life Esports,T1,LCK,2023-07-21 11:32:06,Hanwha Life Esports,1478,Hanwha Life Esports,Hanwha Life Esports,T1
ESPORTSTMNT02_3220999,Gen.G,KT Rolster,LCK,2023-07-22 06:06:34,KT Rolster,1644,Gen.G,KT Rolster,KT Rolster
ESPORTSTMNT02_3221133,Liiv SANDBOX,Dplus KIA,LCK,2023-07-12 08:06:54,Dplus KIA,2214,Dplus KIA,Liiv SANDBOX,Dplus KIA
ESPORTSTMNT02_3221167,Nongshim RedForce,Gen.G,LCK,2023-07-12 11:29:17,Gen.G,1420,Gen.G,Nongshim RedForce,Gen.G
ESPORTSTMNT02_3221300,OKSavingsBank BRION,Kwangdong Freecs,LCK,2023-07-13 13:20:25,OKSavingsBank BRION,1803,OKSavingsBank BRION,OKSavingsBank BRION,OKSavingsBank BRION
ESPORTSTMNT02_3221546,Dplus KIA,T1,LCK,2023-07-16 06:06:11,Dplus KIA,2584,Dplus KIA,T1,Dplus KIA
ESPORTSTMNT02_3221581,DRX,KT Rolster,LCK,2023-07-16 09:51:12,DRX,2086,KT Rolster,KT Rolster,DRX
ESPORTSTMNT02_3221591,KT Rolster,DRX,LCK,2023-07-16 10:48:43,KT Rolster,1801,DRX,DRX,KT Rolster
ESPORTSTMNT02_3221775,Dplus KIA,KT Rolster,LCK,2023-07-19 08:06:12,KT Rolster,1866,Dplus KIA,KT Rolster,KT Rolster
ESPORTSTMNT02_3221852,Kwangdong Freecs,Gen.G,LCK,2023-07-20 08:06:34,Gen.G,2954,Kwangdong Freecs,Gen.G,Gen.G
ESPORTSTMNT02_3221863,DRX,Nongshim RedForce,LCK,2023-07-20 10:54:29,Nongshim RedForce,1983,DRX,Nongshim RedForce,DRX
ESPORTSTMNT02_3221896,OKSavingsBank BRION,Dplus KIA,LCK,2023-07-21 08:06:26,OKSavingsBank BRION,1674,OKSavingsBank BRION,OKSavingsBank BRION,OKSavingsBank BRION
ESPORTSTMNT02_3221926,T1,Hanwha Life Esports,LCK,2023-07-21 12:18:02,Hanwha Life Esports,2190,Hanwha Life Esports,T1,Hanwha Life Esports
ESPORTSTMNT02_3221956,Gen.G,KT Rolster,LCK,2023-07-22 06:57:07,KT Rolster,1568,KT Rolster,Gen.G,KT Rolster
ESPORTSTMNT02_3221958,Nongshim RedForce,Kwangdong Freecs,LCK,2023-07-22 08:37:10,Nongshim RedForce,2087,Kwangdong Freecs,Kwangdong Freecs,Nongshim RedForce
ESPORTSTMNT02_3221974,Nongshim RedForce,Kwangdong Freecs,LCK,2023-07-22 10:25:57,Nongshim RedForce,1943,Nongshim RedForce,Nongshim RedForce,Nongshim RedForce
ESPORTSTMNT02_3222016,T1,Dplus KIA,LCK,2023-07-16 07:11:26,Dplus KIA,2470,Dplus KIA,Dplus KIA,Dplus KIA
ESPORTSTMNT02_3222220,Dplus KIA,KT Rolster,LCK,2023-07-19 08:59:14,KT Rolster,2150,Dplus KIA,KT Rolster,KT Rolster
ESPORTSTMNT02_3222295,DRX,Nongshim RedForce,LCK,2023-07-20 11:49:21,DRX,1911,DRX,DRX,DRX
ESPORTSTMNT02_3222301,Nongshim RedForce,DRX,LCK,2023-07-20 12:43:14,Nongshim RedForce,1876,DRX,Nongshim RedForce,DRX
ESPORTSTMNT02_3222337,OKSavingsBank BRION,Dplus KIA,LCK,2023-07-21 09:48:08,Dplus KIA,2007,OKSavingsBank BRION,Dplus KIA,OKSavingsBank BRION
ESPORTSTMNT02_3222394,Kwangdong Freecs,Nongshim RedForce,LCK,2023-07-22 09:33:47,Kwangdong Freecs,1848,Kwangdong Freecs,Kwangdong Freecs,Kwangdong Freecs
ESPORTSTMNT02_3222438,OKSavingsBank BRION,T1,LCK,2023-07-23 08:00:50,OKSavingsBank BRION,1844,OKSavingsBank BRION,OKSavingsBank BRION,OKSavingsBank BRION
ESPORTSTMNT02_3223058,T1,OKSavingsBank BRION,LCK,2023-07-23 07:08:48,T1,1897,T1,T1,T1
ESPORTSTMNT02_3223070,Liiv SANDBOX,DRX,LCK,2023-07-23 09:41:34,Liiv SANDBOX,1652,Liiv SANDBOX,Liiv SANDBOX,DRX
ESPORTSTMNT02_3223073,DRX,Liiv SANDBOX,LCK,2023-07-23 10:31:04,Liiv SANDBOX,1761,Liiv SANDBOX,Liiv SANDBOX,Liiv SANDBOX
ESPORTSTMNT02_3224004,T1,OKSavingsBank BRION,LCK,2023-07-23 06:05:35,OKSavingsBank BRION,2475,OKSavingsBank BRION,T1,T1
ESPORTSTMNT03_2545406,Hanwha Life Esports,Kwangdong Freecs,LCK,2022-02-17 04:55:27,Kwangdong Freecs,2073,Kwangdong Freecs,Kwangdong Freecs,Kwangdong Freecs
ESPORTSTMNT03_2545467,Hanwha Life Esports,Kwangdong Freecs,LCK,2022-02-17 08:42:32,Kwangdong Freecs,2636,Hanwha Life Esports,Kwangdong Freecs,Kwangdong Freecs
ESPORTSTMNT03_2545487,Dplus KIA,DRX,LCK,2022-02-17 09:48:53,Dplus KIA,2150,DRX,DRX,DRX
ESPORTSTMNT03_2545531,DRX,Dplus KIA,LCK,2022-02-17 11:45:52,DRX,2071,Dplus KIA,DRX,Dplus KIA
ESPORTSTMNT03_2545552,Dplus KIA,DRX,LCK,2022-02-17 12:44:59,DRX,2806,Dplus KIA,DRX,DRX
ESPORTSTMNT03_2546137,KT Rolster,T1,LCK,2022-02-18 05:07:46,T1,1955,T1,KT Rolster,KT Rolster
ESPORTSTMNT03_2546195,KT Rolster,T1,LCK,2022-02-18 08:52:37,T1,1321,T1,T1,T1
ESPORTSTMNT03_2546210,Gen.G,Liiv SANDBOX,LCK,2022-02-18 09:39:14,Gen.G,1577,Gen.G,Liiv SANDBOX,Liiv SANDBOX
ESPORTSTMNT03_2546263,Liiv SANDBOX,Gen.G,LCK,2022-02-18 11:33:05,Gen.G,1923,Gen.G,Gen.G,Gen.G
ESPORTSTMNT03_2546764,Hanwha Life Esports,DRX,LCK,2022-02-19 07:17:01,Hanwha Life Esports,1921,Hanwha Life Esports,Hanwha Life Esports,Hanwha Life Esports
ESPORTSTMNT03_2546797,DRX,Hanwha Life Esports,LCK,2022-02-19 08:40:32,Hanwha Life Esports,2569,Hanwha Life Esports,DRX,Hanwha Life Esports
ESPORTSTMNT03_2546815,Kwangdong Freecs,BRION,LCK,2022-02-19 09:52:57,Kwangdong Freecs,1772,Kwangdong Freecs,Kwangdong Freecs,Kwangdong Freecs
ESPORTSTMNT03_2546854,BRION,Kwangdong Freecs,LCK,2022-02-19 11:37:26,BRION,2703,BRION,BRION,BRION
ESPORTSTMNT03_2546882,Kwangdong Freecs,BRION,LCK,2022-02-19 12:45:19,Kwangdong Freecs,2702,Kwangdong Freecs,BRION,BRION
ESPORTSTMNT03_2547358,Dplus KIA,KT Rolster,LCK,2022-02-20 06:17:46,KT Rolster,2099,Dplus KIA,KT Rolster,KT Rolster
ESPORTSTMNT03_2547417,Dplus KIA,KT Rolster,LCK,2022-02-20 08:44:25,Dplus KIA,1790,Dplus KIA,KT Rolster,KT Rolster
ESPORTSTMNT03_2547435,Dplus KIA,KT Rolster,LCK,2022-02-20 09:40:04,Dplus KIA,2381,KT Rolster,Dplus KIA,KT Rolster
ESPORTSTMNT03_2547455,Nongshim RedForce,T1,LCK,2022-02-20 10:44:36,T1,2374,Nongshim RedForce,T1,T1
ESPORTSTMNT03_2547511,Nongshim RedForce,T1,LCK,2022-02-20 12:30:08,Nongshim RedForce,2457,T1,Nongshim RedForce,Nongshim RedForce
ESPORTSTMNT03_2547540,T1,Nongshim RedForce,LCK,2022-02-20 13:35:52,T1,1780,T1,Nongshim RedForce,Nongshim RedForce
ESPORTSTMNT03_2549672,Liiv SANDBOX,Hanwha Life Esports,LCK,2022-02-24 10:31:08,Liiv SANDBOX,2288,Hanwha Life Esports,Liiv SANDBOX,Hanwha Life Esports
ESPORTSTMNT03_2564348,Liiv SANDBOX,BRION,LCK,2022-02-16 06:04:33,Liiv SANDBOX,1849,BRION,BRION,BRION
ESPORTSTMNT03_2564408,BRION,Liiv SANDBOX,LCK,2022-02-16 08:38:09,BRION,2039,Liiv SANDBOX,BRION,Liiv SANDBOX
ESPORTSTMNT03_2564418,Liiv SANDBOX,BRION,LCK,2022-02-16 09:34:32,Liiv SANDBOX,1828,Liiv SANDBOX,Liiv SANDBOX,Liiv SANDBOX
ESPORTSTMNT03_2564430,Nongshim RedForce,Gen.G,LCK,2022-02-16 10:31:02,Gen.G,1750,Gen.G,Gen.G,Gen.G
ESPORTSTMNT03_2564454,Nongshim RedForce,Gen.G,LCK,2022-02-16 12:07:13,Gen.G,1695,Nongshim RedForce,Nongshim RedForce,Gen.G
ESPORTSTMNT03_2568793,KT Rolster,Kwangdong Freecs,LCK,2022-02-23 07:06:11,Kwangdong Freecs,2040,Kwangdong Freecs,Kwangdong Freecs,Kwangdong Freecs
ESPORTSTMNT03_2568857,KT Rolster,Kwangdong Freecs,LCK,2022-02-23 08:52:07,Kwangdong Freecs,1673,Kwangdong Freecs,Kwangdong Freecs,KT Rolster
ESPORTSTMNT03_2568861,T1,Dplus KIA,LCK,2022-02-23 09:45:56,T1,1805,T1,T1,Dplus KIA
ESPORTSTMNT03_2568906,Dplus KIA,T1,LCK,2022-02-23 11:41:55,T1,2776,T1,T1,Dplus KIA
ESPORTSTMNT03_2569332,BRION,DRX,LCK,2022-02-24 06:44:09,DRX,1856,DRX,BRION,DRX
ESPORTSTMNT03_2569376,BRION,DRX,LCK,2022-02-24 08:38:36,BRION,2032,DRX,DRX,BRION
ESPORTSTMNT03_2569382,DRX,BRION,LCK,2022-02-24 09:35:28,DRX,1727,DRX,BRION,BRION
ESPORTSTMNT03_2569443,Hanwha Life Esports,Liiv SANDBOX,LCK,2022-02-24 12:17:16,Liiv SANDBOX,2199,Hanwha Life Esports,Liiv SANDBOX,Hanwha Life Esports
ESPORTSTMNT03_2569744,Gen.G,Nongshim RedForce,LCK,2022-02-25 05:36:33,Gen.G,1563,Gen.G,Gen.G,Gen.G
ESPORTSTMNT03_2569826,Gen.G,Nongshim RedForce,LCK,2022-02-25 08:35:04,Gen.G,1424,Nongshim RedForce,Gen.G,Gen.G
ESPORTSTMNT03_2569847,Kwangdong Freecs,Dplus KIA,LCK,2022-02-25 09:26:25,Dplus KIA,2091,Kwangdong Freecs,Dplus KIA,Kwangdong Freecs
ESPORTSTMNT03_2569893,Kwangdong Freecs,Dplus KIA,LCK,2022-02-25 11:45:49,Dplus KIA,2103,Kwangdong Freecs,Dplus KIA,Kwangdong Freecs
ESPORTSTMNT03_2580134,KT Rolster,BRION,LCK,2022-02-26 07:17:12,BRION,1923,BRION,BRION,BRION
ESPORTSTMNT03_2580158,KT Rolster,BRION,LCK,2022-02-26 08:38:05,BRION,2021,KT Rolster,KT Rolster,BRION
ESPORTSTMNT03_2580163,Hanwha Life Esports,T1,LCK,2022-02-26 09:35:37,T1,1825,T1,Hanwha Life Esports,Hanwha Life Esports
ESPORTSTMNT03_2580198,Hanwha Life Esports,T1,LCK,2022-02-26 11:41:14,T1,1596,T1,Hanwha Life Esports,T1
ESPORTSTMNT03_2580261,DRX,Gen.G,LCK,2022-02-27 06:05:11,Gen.G,1752,DRX,Gen.G,Gen.G
ESPORTSTMNT03_2580298,DRX,Gen.G,LCK,2022-02-27 08:41:20,Gen.G,1919,DRX,DRX,Gen.G
ESPORTSTMNT03_2580310,Liiv SANDBOX,Nongshim RedForce,LCK,2022-02-27 09:35:23,Nongshim RedForce,1661,Nongshim RedForce,Nongshim RedForce,Liiv SANDBOX
ESPORTSTMNT03_2580333,Liiv SANDBOX,Nongshim RedForce,LCK,2022-02-27 11:37:38,Liiv SANDBOX,2498,Nongshim RedForce,Liiv SANDBOX,Nongshim RedForce
ESPORTSTMNT03_2580341,Nongshim RedForce,Liiv SANDBOX,LCK,2022-02-27 12:42:55,Nongshim RedForce,2385,Nongshim RedForce,Nongshim RedForce,Liiv SANDBOX
ESPORTSTMNT03_2785721,BRION,Gen.G,LCK,2022-06-24 10:33:24,Gen.G,1590,Gen.G,BRION,BRION
ESPORTSTMNT03_2785767,BRION,Gen.G,LCK,2022-06-24 11:59:53,Gen.G,1649,Gen.G,Gen.G,Gen.G
ESPORTSTMNT03_2786350,Dplus KIA,T1,LCK,2022-06-25 08:10:51,T1,1895,T1,Dplus KIA,T1
ESPORTSTMNT03_2786361,Dplus KIA,T1,LCK,2022-06-25 08:47:39,T1,1907,T1,T1,T1
ESPORTSTMNT03_2786395,Liiv SANDBOX,KT Rolster,LCK,2022-06-25 09:47:04,Liiv SANDBOX,2254,KT Rolster,KT Rolster,Liiv SANDBOX
ESPORTSTMNT03_2786455,KT Rolster,Liiv SANDBOX,LCK,2022-06-25 11:44:46,Liiv SANDBOX,2369,KT Rolster,KT Rolster,Liiv SANDBOX
ESPORTSTMNT03_2787037,Hanwha Life Esports,Nongshim RedForce,LCK,2022-06-26 08:19:26,Nongshim RedForce,1659,Hanwha Life Esports,Nongshim RedForce,Nongshim RedForce
ESPORTSTMNT03_2787043,Hanwha Life Esports,Nongshim RedForce,LCK,2022-06-26 08:52:14,Hanwha Life Esports,1814,Hanwha Life Esports,Nongshim RedForce,Nongshim RedForce
ESPORTSTMNT03_2787058,Nongshim RedForce,Hanwha Life Esports,LCK,2022-06-26 09:47:24,Nongshim RedForce,2104,Nongshim RedForce,Hanwha Life Esports,Nongshim RedForce
ESPORTSTMNT03_2787149,DRX,Kwangdong Freecs,LCK,2022-06-26 11:57:44,DRX,2102,DRX,DRX,DRX
ESPORTSTMNT03_2787163,Kwangdong Freecs,DRX,LCK,2022-06-26 12:39:03,DRX,1929,DRX,DRX,Kwangdong Freecs
ESPORTSTMNT03_2793981,Gen.G,Dplus KIA,LCK,2022-06-22 06:21:27,Gen.G,1801,Gen.G,Gen.G,Gen.G
ESPORTSTMNT03_2794047,Dplus KIA,Gen.G,LCK,2022-06-22 08:39:02,Dplus KIA,1959,Dplus KIA,Gen.G,Gen.G
ESPORTSTMNT03_2794070,Gen.G,Dplus KIA,LCK,2022-06-22 09:41:53,Gen.G,1772,Gen.G,Gen.G,Gen.G
ESPORTSTMNT03_2794082,BRION,KT Rolster,LCK,2022-06-22 10:36:22,KT Rolster,2144,KT Rolster,BRION,BRION
ESPORTSTMNT03_2794153,BRION,KT Rolster,LCK,2022-06-22 12:18:42,KT Rolster,2084,KT Rolster,KT Rolster,KT Rolster
ESPORTSTMNT03_2794767,Kwangdong Freecs,Nongshim RedForce,LCK,2022-06-23 06:41:35,Nongshim RedForce,2721,Nongshim RedForce,Nongshim RedForce,Nongshim RedForce
ESPORTSTMNT03_2794828,Kwangdong Freecs,Nongshim RedForce,LCK,2022-06-23 09:03:54,Nongshim RedForce,1993,Nongshim RedForce,Kwangdong Freecs,Nongshim RedForce
ESPORTSTMNT03_2794885,T1,Liiv SANDBOX,LCK,2022-06-23 11:10:14,T1,1596,T1,Liiv SANDBOX,T1
ESPORTSTMNT03_2794935,Liiv SANDBOX,T1,LCK,2022-06-23 12:19:30,T1,1442,T1,Liiv SANDBOX,Liiv SANDBOX
ESPORTSTMNT03_2795619,Hanwha Life Esports,DRX,LCK,2022-06-24 06:40:14,DRX,1729,DRX,Hanwha Life Esports,DRX
ESPORTSTMNT03_2795673,Hanwha Life Esports,DRX,LCK,2022-06-24 08:37:20,Hanwha Life Esports,1989,Hanwha Life Esports,Hanwha Life Esports,Hanwha Life Esports
ESPORTSTMNT03_2795690,DRX,Hanwha Life Esports,LCK,2022-06-24 09:33:17,DRX,1983,Hanwha Life Esports,DRX,Hanwha Life Esports
ESPORTSTMNT03_3089368,Nongshim RedForce,Dplus KIA,LCK,2023-01-25 08:07:46,Dplus KIA,1915,Dplus KIA,Nongshim RedForce,Dplus KIA
ESPORTSTMNT03_3089607,Gen.G,BRION,LCK,2023-01-26 08:06:29,Gen.G,1859,Gen.G,Gen.G,Gen.G
ESPORTSTMNT03_3089931,DRX,Nongshim RedForce,LCK,2023-01-27 09:05:44,Nongshim RedForce,1503,Nongshim RedForce,Nongshim RedForce,Nongshim RedForce
ESPORTSTMNT03_3090319,Dplus KIA,Nongshim RedForce,LCK,2023-01-25 09:02:11,Dplus KIA,2024,Dplus KIA,Nongshim RedForce,Nongshim RedForce
ESPORTSTMNT03_3090322,Liiv SANDBOX,KT Rolster,LCK,2023-01-25 10:37:03,Liiv SANDBOX,2384,Liiv SANDBOX,Liiv SANDBOX,Liiv SANDBOX
ESPORTSTMNT03_3090339,Liiv SANDBOX,KT Rolster,LCK,2023-01-25 12:33:15,Liiv SANDBOX,1880,KT Rolster,Liiv SANDBOX,Liiv SANDBOX
ESPORTSTMNT03_3090562,BRION,Gen.G,LCK,2023-01-26 08:59:47,Gen.G,1846,Gen.G,Gen.G,BRION
ESPORTSTMNT03_3090563,T1,Kwangdong Freecs,LCK,2023-01-26 10:36:11,T1,1547,T1,T1,T1
ESPORTSTMNT03_3090572,Kwangdong Freecs,T1,LCK,2023-01-26 11:27:58,T1,1498,T1,T1,T1
ESPORTSTMNT03_3090837,DRX,Nongshim RedForce,LCK,2023-01-27 08:08:13,DRX,2142,Nongshim RedForce,Nongshim RedForce,Nongshim RedForce
ESPORTSTMNT03_3090868,Nongshim RedForce,DRX,LCK,2023-01-27 09:52:27,Nongshim RedForce,1677,Nongshim RedForce,Nongshim RedForce,Nongshim RedForce
ESPORTSTMNT03_3090903,Hanwha Life Esports,KT Rolster,LCK,2023-01-27 12:22:09,KT Rolster,1828,KT Rolster,KT Rolster,KT Rolster
ESPORTSTMNT03_3091336,KT Rolster,Liiv SANDBOX,LCK,2023-01-25 11:40:01,KT Rolster,1932,KT Rolster,KT Rolster,Liiv SANDBOX
ESPORTSTMNT03_3091907,Hanwha Life Esports,KT Rolster,LCK,2023-01-27 11:28:00,KT Rolster,1861,Hanwha Life Esports,KT Rolster,Hanwha Life Esports
ESPORTSTMNT03_3092329,BRION,Liiv SANDBOX,LCK,2023-01-28 09:37:27,BRION,1934,BRION,BRION,BRION
ESPORTSTMNT03_3092334,BRION,Liiv SANDBOX,LCK,2023-01-28 10:32:12,Liiv SANDBOX,2870,BRION,Liiv SANDBOX,BRION
ESPORTSTMNT03_3092604,Kwangdong Freecs,DRX,LCK,2023-01-29 09:46:45,DRX,2547,DRX,DRX,Kwangdong Freecs
ESPORTSTMNT03_3093250,T1,Dplus KIA,LCK,2023-01-28 06:06:48,Dplus KIA,2160,Dplus KIA,Dplus KIA,T1
ESPORTSTMNT03_3093271,T1,Dplus KIA,LCK,2023-01-28 07:05:17,T1,2109,T1,Dplus KIA,T1
ESPORTSTMNT03_3093537,Hanwha Life Esports,Gen.G,LCK,2023-01-29 06:05:44,Gen.G,2200,Gen.G,Gen.G,Hanwha Life Esports
ESPORTSTMNT03_3093557,Gen.G,Hanwha Life Esports,LCK,2023-01-29 07:06:17,Hanwha Life Esports,2264,Gen.G,Gen.G,Gen.G
ESPORTSTMNT03_3093593,Kwangdong Freecs,DRX,LCK,2023-01-29 10:53:20,DRX,1767,DRX,DRX,DRX
ESPORTSTMNT03_3094238,Dplus KIA,T1,LCK,2023-01-28 08:03:32,T1,1641,T1,Dplus KIA,T1
ESPORTSTMNT03_3094264,BRION,Liiv SANDBOX,LCK,2023-01-28 11:44:05,Liiv SANDBOX,1730,Liiv SANDBOX,Liiv SANDBOX,Liiv SANDBOX
ESPORTSTMNT03_3094541,Gen.G,Hanwha Life Esports,LCK,2023-01-29 08:07:58,Gen.G,2025,Hanwha Life Esports,Hanwha Life Esports,Hanwha Life Esports
ESPORTSTMNT03_3095781,Gen.G,Dplus KIA,LCK,2023-02-01 10:36:55,Gen.G,2097,Gen.G,Dplus KIA,Dplus KIA
ESPORTSTMNT03_3096700,Nongshim RedForce,Liiv SANDBOX,LCK,2023-02-01 09:00:30,Liiv SANDBOX,1766,Nongshim RedForce,Liiv SANDBOX,Liiv SANDBOX
ESPORTSTMNT03_3096742,Gen.G,Dplus KIA,LCK,2023-02-01 11:35:56,Gen.G,1796,Gen.G,Dplus KIA,Gen.G
ESPORTSTMNT03_3097664,Liiv SANDBOX,Nongshim RedForce,LCK,2023-02-01 08:07:44,Liiv SANDBOX,1903,Liiv SANDBOX,Liiv SANDBOX,Liiv SANDBOX
ESPORTSTMNT03_3098196,DRX,BRION,LCK,2023-02-02 08:06:47,BRION,1931,DRX,BRION,BRION
ESPORTSTMNT03_3098225,DRX,BRION,LCK,2023-02-02 09:50:35,BRION,1707,BRION,BRION,BRION
ESPORTSTMNT03_3098229,Hanwha Life Esports,T1,LCK,2023-02-02 11:23:16,T1,2601,T1,T1,Hanwha Life Esports
ESPORTSTMNT03_3098275,Hanwha Life Esports,T1,LCK,2023-02-02 13:31:50,Hanwha Life Esports,1677,T1,T1,Hanwha Life Esports
ESPORTSTMNT03_3098573,KT Rolster,Kwangdong Freecs,LCK,2023-02-03 08:06:08,Kwangdong Freecs,2078,KT Rolster,KT Rolster,Kwangdong Freecs
ESPORTSTMNT03_3098646,Gen.G,Liiv SANDBOX,LCK,2023-02-03 10:36:21,Liiv SANDBOX,2134,Liiv SANDBOX,Liiv SANDBOX,Liiv SANDBOX
ESPORTSTMNT03_3098932,Hanwha Life Esports,DRX,LCK,2023-02-04 07:53:01,Hanwha Life Esports,2278,DRX,Hanwha Life Esports,DRX
ESPORTSTMNT03_3098936,T1,Nongshim RedForce,LCK,2023-02-04 09:39:18,T1,1838,T1,T1,T1
ESPORTSTMNT03_3098971,Nongshim RedForce,T1,LCK,2023-02-04 10:31:12,Nongshim RedForce,2014,T1,T1,T1
ESPORTSTMNT03_3098980,T1,Nongshim RedForce,LCK,2023-02-04 11:27:58,T1,1701,T1,T1,T1
ESPORTSTMNT03_3099119,BRION,DRX,LCK,2023-02-02 09:01:40,DRX,1630,DRX,BRION,DRX
ESPORTSTMNT03_3099542,Kwangdong Freecs,KT Rolster,LCK,2023-02-03 09:03:36,Kwangdong Freecs,1514,Kwangdong Freecs,Kwangdong Freecs,Kwangdong Freecs
ESPORTSTMNT03_3099594,Gen.G,Liiv SANDBOX,LCK,2023-02-03 12:32:21,Gen.G,1936,Gen.G,Liiv SANDBOX,Liiv SANDBOX
ESPORTSTMNT03_3099980,BRION,KT Rolster,LCK,2023-02-05 06:08:54,KT Rolster,2273,KT Rolster,KT Rolster,BRION
ESPORTSTMNT03_3099998,KT Rolster,BRION,LCK,2023-02-05 07:13:45,KT Rolster,1383,KT Rolster,KT Rolster,KT Rolster
ESPORTSTMNT03_3100173,T1,Hanwha Life Esports,LCK,2023-02-02 12:29:26,Hanwha Life Esports,2251,T1,T1,T1
ESPORTSTMNT03_3100615,Gen.G,Liiv SANDBOX,LCK,2023-02-03 11:33:43,Gen.G,2181,Gen.G,Gen.G,Liiv SANDBOX
ESPORTSTMNT03_3100826,Hanwha Life Esports,DRX,LCK,2023-02-04 06:07:00,DRX,2267,DRX,Hanwha Life Esports,DRX
ESPORTSTMNT03_3100863,DRX,Hanwha Life Esports,LCK,2023-02-04 07:07:24,Hanwha Life Esports,1411,Hanwha Life Esports,Hanwha Life Esports,Hanwha Life Esports
ESPORTSTMNT03_3102090,Dplus KIA,Kwangdong Freecs,LCK,2023-02-05 10:44:56,Dplus KIA,1900,Dplus KIA,Kwangdong Freecs,Dplus KIA
ESPORTSTMNT03_3103007,Kwangdong Freecs,Dplus KIA,LCK,2023-02-05 08:48:10,Dplus KIA,2094,Dplus KIA,Dplus KIA,Dplus KIA
ESPORTSTMNT03_3103038,Kwangdong Freecs,Dplus KIA,LCK,2023-02-05 09:44:37,Kwangdong Freecs,2140,Kwangdong Freecs,Kwangdong Freecs,Dplus KIA
ESPORTSTMNT03_3111569,Kwangdong Freecs,T1,LCK,2023-03-01 08:06:31,T1,1300,T1,Kwangdong Freecs,T1
ESPORTSTMNT03_3111606,DRX,Dplus KIA,LCK,2023-03-01 10:36:49,Dplus KIA,1627,Dplus KIA,Dplus KIA,Dplus KIA
ESPORTSTMNT03_3111641,Dplus KIA,DRX,LCK,2023-03-01 11:23:23,Dplus KIA,1530,Dplus KIA,Dplus KIA,Dplus KIA
ESPORTSTMNT03_3111908,Gen.G,KT Rolster,LCK,2023-03-02 09:09:33,Gen.G,1738,Gen.G,Gen.G,KT Rolster
ESPORTSTMNT03_3112838,KT Rolster,Gen.G,LCK,2023-03-02 08:08:30,KT Rolster,2283,Gen.G,KT Rolster,KT Rolster
ESPORTSTMNT03_3112906,Nongshim RedForce,Hanwha Life Esports,LCK,2023-03-02 12:33:34,Hanwha Life Esports,1080,Hanwha Life Esports,Hanwha Life Esports,Hanwha Life Esports
ESPORTSTMNT03_3113604,Kwangdong Freecs,T1,LCK,2023-03-01 08:52:37,T1,1744,T1,T1,T1
ESPORTSTMNT03_3113903,Gen.G,KT Rolster,LCK,2023-03-02 09:59:57,KT Rolster,2216,Gen.G,Gen.G,KT Rolster
ESPORTSTMNT03_3113908,Hanwha Life Esports,Nongshim RedForce,LCK,2023-03-02 11:46:10,Hanwha Life Esports,1495,Nongshim RedForce,Hanwha Life Esports,Hanwha Life Esports
ESPORTSTMNT03_3114711,Nongshim RedForce,DRX,LCK,2023-03-04 09:41:39,Nongshim RedForce,2222,Nongshim RedForce,Nongshim RedForce,DRX
ESPORTSTMNT03_3115239,Liiv SANDBOX,Kwangdong Freecs,LCK,2023-03-03 08:08:03,Liiv SANDBOX,1783,Liiv SANDBOX,Liiv SANDBOX,Liiv SANDBOX
ESPORTSTMNT03_3115330,T1,BRION,LCK,2023-03-03 12:37:36,T1,2013,T1,BRION,T1
ESPORTSTMNT03_3115657,Hanwha Life Esports,Dplus KIA,LCK,2023-03-04 06:07:14,Dplus KIA,2104,Dplus KIA,Dplus KIA,Dplus KIA
ESPORTSTMNT03_3116248,Kwangdong Freecs,Liiv SANDBOX,LCK,2023-03-03 09:00:14,Kwangdong Freecs,2946,Kwangdong Freecs,Kwangdong Freecs,Liiv SANDBOX
ESPORTSTMNT03_3116266,Liiv SANDBOX,Kwangdong Freecs,LCK,2023-03-03 10:11:24,Kwangdong Freecs,1784,Kwangdong Freecs,Kwangdong Freecs,Liiv SANDBOX
ESPORTSTMNT03_3116279,BRION,T1,LCK,2023-03-03 11:53:29,T1,1309,T1,T1,T1
ESPORTSTMNT03_3116666,Hanwha Life Esports,Dplus KIA,LCK,2023-03-04 07:05:17,Dplus KIA,1759,Dplus KIA,Hanwha Life Esports,Dplus KIA
ESPORTSTMNT03_3116676,Nongshim RedForce,DRX,LCK,2023-03-04 08:46:59,DRX,1960,DRX,DRX,DRX
ESPORTSTMNT03_3116711,DRX,Nongshim RedForce,LCK,2023-03-04 10:40:47,DRX,1638,DRX,DRX,Nongshim RedForce
ESPORTSTMNT03_3117109,Liiv SANDBOX,KT Rolster,LCK,2023-03-05 06:09:08,KT Rolster,2337,KT Rolster,KT Rolster,Liiv SANDBOX
ESPORTSTMNT03_3117150,BRION,Gen.G,LCK,2023-03-05 08:45:20,Gen.G,1437,Gen.G,BRION,Gen.G
ESPORTSTMNT03_3117167,Gen.G,BRION,LCK,2023-03-05 09:31:57,Gen.G,1743,Gen.G,Gen.G,BRION
ESPORTSTMNT03_3119106,Liiv SANDBOX,KT Rolster,LCK,2023-03-05 07:11:15,KT Rolster,1628,KT Rolster,KT Rolster,Liiv SANDBOX
ESPORTSTMNT03_3120564,KT Rolster,Hanwha Life Esports,LCK,2023-03-08 11:38:55,KT Rolster,2136,Hanwha Life Esports,KT Rolster,KT Rolster
ESPORTSTMNT03_3120628,KT Rolster,Hanwha Life Esports,LCK,2023-03-08 13:36:18,KT Rolster,2165,KT Rolster,Hanwha Life Esports,Hanwha Life Esports
ESPORTSTMNT03_3121502,Kwangdong Freecs,Nongshim RedForce,LCK,2023-03-08 08:06:24,Kwangdong Freecs,2097,Kwangdong Freecs,Nongshim RedForce,Kwangdong Freecs
ESPORTSTMNT03_3122530,Nongshim RedForce,Kwangdong Freecs,LCK,2023-03-08 09:03:51,Nongshim RedForce,2003,Kwangdong Freecs,Nongshim RedForce,Nongshim RedForce
ESPORTSTMNT03_3122536,Kwangdong Freecs,Nongshim RedForce,LCK,2023-03-08 09:58:31,Kwangdong Freecs,1582,Kwangdong Freecs,Kwangdong Freecs,Kwangdong Freecs
ESPORTSTMNT03_3122584,Hanwha Life Esports,KT Rolster,LCK,2023-03-08 12:37:13,Hanwha Life Esports,2153,KT Rolster,KT Rolster,KT Rolster
ESPORTSTMNT03_3123048,Gen.G,Liiv SANDBOX,LCK,2023-03-09 08:07:52,Gen.G,1593,Gen.G,Gen.G,Gen.G
ESPORTSTMNT03_3123081,Liiv SANDBOX,Gen.G,LCK,2023-03-09 08:57:00,Gen.G,1776,Gen.G,Gen.G,Liiv SANDBOX
ESPORTSTMNT03_3123651,BRION,KT Rolster,LCK,2023-03-10 11:26:14,KT Rolster,1726,KT Rolster,KT Rolster,KT Rolster
ESPORTSTMNT03_3124078,T1,DRX,LCK,2023-03-09 10:37:42,T1,1466,T1,T1,T1
ESPORTSTMNT03_3124535,Dplus KIA,Nongshim RedForce,LCK,2023-03-10 08:07:01,Dplus KIA,1450,Dplus KIA,Dplus KIA,Dplus KIA
ESPORTSTMNT03_3125134,DRX,T1,LCK,2023-03-09 11:24:15,T1,1846,T1,DRX,T1
ESPORTSTMNT03_3125587,Nongshim RedForce,Dplus KIA,LCK,2023-03-10 08:53:16,Dplus KIA,1541,Dplus KIA,Nongshim RedForce,Dplus KIA
ESPORTSTMNT03_3125600,BRION,KT Rolster,LCK,2023-03-10 10:36:32,KT Rolster,1757,KT Rolster,BRION,KT Rolster
ESPORTSTMNT03_3126034,DRX,Liiv SANDBOX,LCK,2023-03-11 07:10:33,Liiv SANDBOX,1616,DRX,Liiv SANDBOX,Liiv SANDBOX
ESPORTSTMNT03_3126091,T1,Hanwha Life Esports,LCK,2023-03-11 10:39:59,T1,2132,T1,Hanwha Life Esports,T1
ESPORTSTMNT03_3127022,Liiv SANDBOX,DRX,LCK,2023-03-11 06:14:39,DRX,1923,DRX,DRX,Liiv SANDBOX
ESPORTSTMNT03_3127306,Dplus KIA,BRION,LCK,2023-03-12 06:05:48,BRION,2278,Dplus KIA,BRION,BRION
ESPORTSTMNT03_3127325,BRION,Dplus KIA,LCK,2023-03-12 07:53:30,Dplus KIA,1829,Dplus KIA,Dplus KIA,Dplus KIA
ESPORTSTMNT03_3127378,Kwangdong Freecs,Gen.G,LCK,2023-03-12 10:30:20,Kwangdong Freecs,2346,Kwangdong Freecs,Gen.G,Kwangdong Freecs
ESPORTSTMNT03_3127386,Gen.G,Kwangdong Freecs,LCK,2023-03-12 11:30:42,Kwangdong Freecs,2567,Gen.G,Gen.G,Gen.G
ESPORTSTMNT03_3128016,DRX,Liiv SANDBOX,LCK,2023-03-11 07:59:19,Liiv SANDBOX,1924,Liiv SANDBOX,Liiv SANDBOX,DRX
ESPORTSTMNT03_3128023,T1,Hanwha Life Esports,LCK,2023-03-11 09:36:55,Hanwha Life Esports,2438,T1,T1,T1
ESPORTSTMNT03_3128073,T1,Hanwha Life Esports,LCK,2023-03-11 11:38:17,T1,1350,T1,T1,T1
ESPORTSTMNT03_3128324,Dplus KIA,BRION,LCK,2023-03-12 07:05:59,Dplus KIA,1573,BRION,Dplus KIA,Dplus KIA
ESPORTSTMNT03_3128333,Gen.G,Kwangdong Freecs,LCK,2023-03-12 09:37:21,Gen.G,1854,Gen.G,Gen.G,Gen.G
ESPORTSTMNT03_3165687,Hanwha Life Esports,KT Rolster,LCK,2023-06-07 09:09:21,Hanwha Life Esports,1771,Hanwha Life Esports,Hanwha Life Esports,Hanwha Life Esports
ESPORTSTMNT03_3165973,DRX,Kwangdong Freecs,LCK,2023-06-08 09:19:42,Kwangdong Freecs,1739,Kwangdong Freecs,Kwangdong Freecs,Kwangdong Freecs
ESPORTSTMNT03_3165974,OKSavingsBank BRION,Nongshim RedForce,LCK,2023-06-08 11:00:48,OKSavingsBank BRION,1925,OKSavingsBank BRION,OKSavingsBank BRION,Nongshim RedForce
ESPORTSTMNT03_3166614,KT Rolster,Hanwha Life Esports,LCK,2023-06-07 10:02:16,KT Rolster,1605,KT Rolster,KT Rolster,KT Rolster
ESPORTSTMNT03_3166620,Dplus KIA,Liiv SANDBOX,LCK,2023-06-07 11:39:10,Dplus KIA,1778,Dplus KIA,Dplus KIA,Dplus KIA
ESPORTSTMNT03_3166917,Nongshim RedForce,OKSavingsBank BRION,LCK,2023-06-08 11:55:19,Nongshim RedForce,2137,Nongshim RedForce,Nongshim RedForce,OKSavingsBank BRION
ESPORTSTMNT03_3166925,OKSavingsBank BRION,Nongshim RedForce,LCK,2023-06-08 12:57:27,Nongshim RedForce,1773,Nongshim RedForce,OKSavingsBank BRION,Nongshim RedForce
ESPORTSTMNT03_3167508,KT Rolster,Hanwha Life Esports,LCK,2023-06-07 08:11:03,KT Rolster,1894,Hanwha Life Esports,Hanwha Life Esports,Hanwha Life Esports
ESPORTSTMNT03_3167593,Liiv SANDBOX,Dplus KIA,LCK,2023-06-07 12:32:29,Dplus KIA,1764,Liiv SANDBOX,Liiv SANDBOX,Liiv SANDBOX
ESPORTSTMNT03_3167810,Kwangdong Freecs,DRX,LCK,2023-06-08 08:13:34,Kwangdong Freecs,2568,Kwangdong Freecs,Kwangdong Freecs,Kwangdong Freecs
ESPORTSTMNT03_3168164,KT Rolster,Gen.G,LCK,2023-06-09 10:24:02,Gen.G,1700,Gen.G,Gen.G,Gen.G
ESPORTSTMNT03_3168168,Hanwha Life Esports,T1,LCK,2023-06-09 11:58:35,Hanwha Life Esports,2647,Hanwha Life Esports,T1,T1
ESPORTSTMNT03_3168300,Nongshim RedForce,Liiv SANDBOX,LCK,2023-06-10 07:08:07,Liiv SANDBOX,1689,Liiv SANDBOX,Nongshim RedForce,Liiv SANDBOX
ESPORTSTMNT03_3168381,Dplus KIA,DRX,LCK,2023-06-11 07:51:43,Dplus KIA,2469,DRX,Dplus KIA,Dplus KIA
ESPORTSTMNT03_3169046,KT Rolster,Gen.G,LCK,2023-06-09 08:08:33,KT Rolster,1441,KT Rolster,KT Rolster,KT Rolster
ESPORTSTMNT03_3169092,T1,Hanwha Life Esports,LCK,2023-06-09 13:06:11,T1,1517,T1,Hanwha Life Esports,T1
ESPORTSTMNT03_3169206,Liiv SANDBOX,Nongshim RedForce,LCK,2023-06-10 06:17:14,Liiv SANDBOX,1632,Nongshim RedForce,Liiv SANDBOX,Nongshim RedForce
ESPORTSTMNT03_3169215,OKSavingsBank BRION,Kwangdong Freecs,LCK,2023-06-10 09:36:18,Kwangdong Freecs,1839,Kwangdong Freecs,Kwangdong Freecs,Kwangdong Freecs
ESPORTSTMNT03_3169305,T1,Gen.G,LCK,2023-06-11 10:32:23,T1,1804,T1,Gen.G,T1
ESPORTSTMNT03_3170021,Gen.G,KT Rolster,LCK,2023-06-09 08:55:34,Gen.G,1444,Gen.G,Gen.G,KT Rolster
ESPORTSTMNT03_3170048,T1,Hanwha Life Esports,LCK,2023-06-09 13:52:09,T1,1801,T1,Hanwha Life Esports,T1
ESPORTSTMNT03_3170167,Kwangdong Freecs,OKSavingsBank BRION,LCK,2023-06-10 08:40:12,Kwangdong Freecs,1889,Kwangdong Freecs,Kwangdong Freecs,Kwangdong Freecs
ESPORTSTMNT03_3170239,DRX,Dplus KIA,LCK,2023-06-11 06:08:28,Dplus KIA,1304,Dplus KIA,Dplus KIA,Dplus KIA
ESPORTSTMNT03_3170253,DRX,Dplus KIA,LCK,2023-06-11 06:53:02,DRX,2066,DRX,DRX,Dplus KIA
ESPORTSTMNT03_3170256,Gen.G,T1,LCK,2023-06-11 09:43:01,Gen.G,1588,Gen.G,T1,Gen.G
ESPORTSTMNT03_3170267,Gen.G,T1,LCK,2023-06-11 11:26:09,Gen.G,1942,T1,Gen.G,Gen.G
ESPORTSTMNT03_3195856,T1,DRX,LCK,2023-07-27 08:59:44,DRX,1867,DRX,DRX,DRX
ESPORTSTMNT03_3195868,Hanwha Life Esports,Nongshim RedForce,LCK,2023-07-27 11:40:32,Hanwha Life Esports,1347,Hanwha Life Esports,Hanwha Life Esports,Nongshim RedForce
ESPORTSTMNT03_3195975,Dplus KIA,Kwangdong Freecs,LCK,2023-07-28 08:06:19,Dplus KIA,1720,Kwangdong Freecs,Dplus KIA,Dplus KIA
ESPORTSTMNT03_3196827,T1,DRX,LCK,2023-07-27 09:58:18,DRX,2144,T1,DRX,DRX
ESPORTSTMNT03_3196972,Dplus KIA,Kwangdong Freecs,LCK,2023-07-28 08:57:35,Dplus KIA,1652,Dplus KIA,Dplus KIA,Kwangdong Freecs
ESPORTSTMNT03_3196998,OKSavingsBank BRION,Liiv SANDBOX,LCK,2023-07-28 11:29:06,Liiv SANDBOX,1929,OKSavingsBank BRION,OKSavingsBank BRION,OKSavingsBank BRION
ESPORTSTMNT03_3197780,T1,DRX,LCK,2023-07-27 08:06:12,T1,1713,T1,DRX,T1
ESPORTSTMNT03_3197839,Nongshim RedForce,Hanwha Life Esports,LCK,2023-07-27 12:26:40,Hanwha Life Esports,1629,Hanwha Life Esports,Nongshim RedForce,Hanwha Life Esports
ESPORTSTMNT03_3198004,OKSavingsBank BRION,Liiv SANDBOX,LCK,2023-07-28 10:36:12,Liiv SANDBOX,1891,Liiv SANDBOX,Liiv SANDBOX,Liiv SANDBOX
ESPORTSTMNT03_3198239,Gen.G,Dplus KIA,LCK,2023-07-30 09:46:15,Gen.G,1981,Gen.G,Gen.G,Dplus KIA
ESPORTSTMNT03_3199067,KT Rolster,T1,LCK,2023-07-29 06:07:32,KT Rolster,1647,KT Rolster,T1,KT Rolster
ESPORTSTMNT03_3199084,T1,KT Rolster,LCK,2023-07-29 06:56:57,KT Rolster,1600,KT Rolster,KT Rolster,KT Rolster
ESPORTSTMNT03_3199115,DRX,Hanwha Life Esports,LCK,2023-07-29 09:40:18,Hanwha Life Esports,1426,Hanwha Life Esports,DRX,Hanwha Life Esports
ESPORTSTMNT03_3199206,Nongshim RedForce,OKSavingsBank BRION,LCK,2023-07-30 07:05:53,Nongshim RedForce,1949,Nongshim RedForce,Nongshim RedForce,OKSavingsBank BRION
ESPORTSTMNT03_3199211,OKSavingsBank BRION,Nongshim RedForce,LCK,2023-07-30 08:00:26,Nongshim RedForce,2077,OKSavingsBank BRION,OKSavingsBank BRION,Nongshim RedForce
ESPORTSTMNT03_3199251,Dplus KIA,Gen.G,LCK,2023-07-30 10:42:00,Gen.G,2400,Gen.G,Gen.G,Gen.G
ESPORTSTMNT03_3200068,DRX,Hanwha Life Esports,LCK,2023-07-29 08:36:53,Hanwha Life Esports,2464,DRX,DRX,DRX
ESPORTSTMNT03_3200187,Nongshim RedForce,OKSavingsBank BRION,LCK,2023-07-30 06:05:28,OKSavingsBank BRION,2312,OKSavingsBank BRION,Nongshim RedForce,Nongshim RedForce
ESPORTSTMNT04_2210408,Liiv SANDBOX,KT Rolster,LCK,2022-03-12 06:43:05,KT Rolster,1772,KT Rolster,Liiv SANDBOX,KT Rolster
ESPORTSTMNT04_2210426,Liiv SANDBOX,KT Rolster,LCK,2022-03-12 08:39:41,KT Rolster,2068,Liiv SANDBOX,KT Rolster,Liiv SANDBOX
ESPORTSTMNT04_2210427,Hanwha Life Esports,Gen.G,LCK,2022-03-12 09:41:01,Gen.G,1748,Gen.G,Gen.G,Gen.G
ESPORTSTMNT04_2210446,Hanwha Life Esports,Gen.G,LCK,2022-03-12 11:38:07,Gen.G,2584,Gen.G,Gen.G,Hanwha Life Esports
ESPORTSTMNT04_2210465,T1,BRION,LCK,2022-03-13 07:29:21,T1,1145,T1,T1,BRION
ESPORTSTMNT04_2210474,BRION,T1,LCK,2022-03-13 08:27:21,T1,1194,T1,T1,T1
ESPORTSTMNT04_2210486,DRX,Kwangdong Freecs,LCK,2022-03-13 10:24:03,Kwangdong Freecs,2044,Kwangdong Freecs,Kwangdong Freecs,Kwangdong Freecs
ESPORTSTMNT04_2210500,DRX,Kwangdong Freecs,LCK,2022-03-13 11:43:44,DRX,2458,Kwangdong Freecs,DRX,Kwangdong Freecs
ESPORTSTMNT04_2210501,Kwangdong Freecs,DRX,LCK,2022-03-13 12:49:42,DRX,1867,DRX,Kwangdong Freecs,Kwangdong Freecs
ESPORTSTMNT04_2411208,Dplus KIA,DRX,LCK,2022-07-07 09:03:00,Dplus KIA,2423,Dplus KIA,Dplus KIA,DRX
ESPORTSTMNT04_2411209,Dplus KIA,DRX,LCK,2022-07-07 10:06:00,DRX,2143,DRX,DRX,DRX
ESPORTSTMNT04_2411213,Hanwha Life Esports,Liiv SANDBOX,LCK,2022-07-07 10:43:44,Hanwha Life Esports,1871,Liiv SANDBOX,Hanwha Life Esports,Liiv SANDBOX
ESPORTSTMNT04_2411237,Liiv SANDBOX,Hanwha Life Esports,LCK,2022-07-07 12:22:46,Liiv SANDBOX,1495,Liiv SANDBOX,Liiv SANDBOX,Liiv SANDBOX
ESPORTSTMNT04_2411346,Gen.G,T1,LCK,2022-07-08 07:03:36,Gen.G,1821,Gen.G,Gen.G,Gen.G
ESPORTSTMNT04_2411358,T1,Gen.G,LCK,2022-07-08 08:39:26,T1,1820,T1,T1,T1
ESPORTSTMNT04_2411364,Gen.G,T1,LCK,2022-07-08 09:34:25,T1,1903,Gen.G,Gen.G,Gen.G
ESPORTSTMNT04_2411371,Kwangdong Freecs,KT Rolster,LCK,2022-07-08 10:30:09,Kwangdong Freecs,1755,Kwangdong Freecs,Kwangdong Freecs,KT Rolster
ESPORTSTMNT04_2411387,KT Rolster,Kwangdong Freecs,LCK,2022-07-08 12:07:17,KT Rolster,1544,KT Rolster,Kwangdong Freecs,KT Rolster
ESPORTSTMNT04_2411388,Kwangdong Freecs,KT Rolster,LCK,2022-07-08 12:56:43,Kwangdong Freecs,1989,Kwangdong Freecs,Kwangdong Freecs,KT Rolster
ESPORTSTMNT04_2411452,Nongshim RedForce,Liiv SANDBOX,LCK,2022-07-09 08:09:00,Liiv SANDBOX,2206,Liiv SANDBOX,Liiv SANDBOX,Liiv SANDBOX
ESPORTSTMNT04_2411473,Nongshim RedForce,Liiv SANDBOX,LCK,2022-07-09 09:10:00,Liiv SANDBOX,1774,Liiv SANDBOX,Liiv SANDBOX,Liiv SANDBOX
ESPORTSTMNT04_2411474,Hanwha Life Esports,Dplus KIA,LCK,2022-07-09 11:09:00,Dplus KIA,2532,Hanwha Life Esports,Hanwha Life Esports,Dplus KIA
ESPORTSTMNT04_2411485,Hanwha Life Esports,Dplus KIA,LCK,2022-07-09 12:15:00,Dplus KIA,1678,Dplus KIA,Dplus KIA,Dplus KIA
ESPORTSTMNT04_2411510,DRX,Gen.G,LCK,2022-07-10 08:06:00,Gen.G,2643,DRX,Gen.G,Gen.G
ESPORTSTMNT04_2411522,DRX,Gen.G,LCK,2022-07-10 09:13:00,Gen.G,1790,Gen.G,DRX,Gen.G
ESPORTSTMNT04_2411526,T1,BRION,LCK,2022-07-10 11:06:00,T1,1755,T1,BRION,BRION
ESPORTSTMNT04_2411536,BRION,T1,LCK,2022-07-10 11:58:00,T1,1422,T1,BRION,T1
ESPORTSTMNT04_2431079,Nongshim RedForce,KT Rolster,LCK,2022-07-06 08:08:00,Nongshim RedForce,2105,Nongshim RedForce,Nongshim RedForce,Nongshim RedForce
ESPORTSTMNT04_2431097,KT Rolster,Nongshim RedForce,LCK,2022-07-06 09:09:00,KT Rolster,1835,Nongshim RedForce,Nongshim RedForce,KT Rolster
ESPORTSTMNT04_2431101,Nongshim RedForce,KT Rolster,LCK,2022-07-06 10:02:00,KT Rolster,2360,Nongshim RedForce,KT Rolster,KT Rolster
ESPORTSTMNT04_2431109,Kwangdong Freecs,BRION,LCK,2022-07-06 11:48:00,Kwangdong Freecs,1823,Kwangdong Freecs,Kwangdong Freecs,BRION
ESPORTSTMNT04_2431125,Kwangdong Freecs,BRION,LCK,2022-07-06 12:41:00,Kwangdong Freecs,2828,Kwangdong Freecs,BRION,Kwangdong Freecs
ESPORTSTMNT04_2431278,Dplus KIA,DRX,LCK,2022-07-07 08:10:00,DRX,1893,DRX,DRX,DRX
ESPORTSTMNT04_2431316,Hanwha Life Esports,Liiv SANDBOX,LCK,2022-07-07 13:10:54,Liiv SANDBOX,1661,Liiv SANDBOX,Liiv SANDBOX,Liiv SANDBOX
ESPORTSTMNT04_2450683,Gen.G,BRION,LCK,2022-08-10 06:35:01,Gen.G,2039,Gen.G,BRION,Gen.G
ESPORTSTMNT04_2450697,BRION,Gen.G,LCK,2022-08-10 08:44:10,Gen.G,2039,Gen.G,BRION,BRION
ESPORTSTMNT04_2450715,Liiv SANDBOX,T1,LCK,2022-08-10 11:12:25,Liiv SANDBOX,1830,Liiv SANDBOX,Liiv SANDBOX,Liiv SANDBOX
ESPORTSTMNT04_2450722,T1,Liiv SANDBOX,LCK,2022-08-10 12:15:10,Liiv SANDBOX,1427,Liiv SANDBOX,Liiv SANDBOX,Liiv SANDBOX
ESPORTSTMNT04_2450819,Kwangdong Freecs,Dplus KIA,LCK,2022-08-11 06:31:22,Dplus KIA,2499,Dplus KIA,Dplus KIA,Dplus KIA
ESPORTSTMNT04_2450840,Kwangdong Freecs,Dplus KIA,LCK,2022-08-11 08:51:14,Dplus KIA,2449,Dplus KIA,Kwangdong Freecs,Dplus KIA
ESPORTSTMNT04_2450972,Nongshim RedForce,Hanwha Life Esports,LCK,2022-08-12 06:28:40,Nongshim RedForce,1964,Nongshim RedForce,Nongshim RedForce,Hanwha Life Esports
ESPORTSTMNT04_2450984,Hanwha Life Esports,Nongshim RedForce,LCK,2022-08-12 08:43:31,Nongshim RedForce,1918,Nongshim RedForce,Nongshim RedForce,Nongshim RedForce
ESPORTSTMNT04_2450986,BRION,Liiv SANDBOX,LCK,2022-08-12 09:39:36,Liiv SANDBOX,1736,Liiv SANDBOX,Liiv SANDBOX,Liiv SANDBOX
ESPORTSTMNT04_2450994,BRION,Liiv SANDBOX,LCK,2022-08-12 11:38:33,Liiv SANDBOX,1596,BRION,Liiv SANDBOX,Liiv SANDBOX
ESPORTSTMNT04_2451137,Gen.G,KT Rolster,LCK,2022-08-13 06:08:26,Gen.G,2286,Gen.G,Gen.G,KT Rolster
ESPORTSTMNT04_2451155,KT Rolster,Gen.G,LCK,2022-08-13 08:48:27,KT Rolster,1731,KT Rolster,Gen.G,Gen.G
ESPORTSTMNT04_2451156,Gen.G,KT Rolster,LCK,2022-08-13 09:41:40,Gen.G,2229,Gen.G,Gen.G,KT Rolster
ESPORTSTMNT04_2451162,T1,Dplus KIA,LCK,2022-08-13 11:04:52,T1,1885,T1,Dplus KIA,Dplus KIA
ESPORTSTMNT04_2451186,Dplus KIA,T1,LCK,2022-08-13 12:48:01,T1,1874,T1,T1,T1
ESPORTSTMNT04_2451564,Liiv SANDBOX,DRX,LCK,2022-08-17 06:17:37,Liiv SANDBOX,1832,Liiv SANDBOX,DRX,Liiv SANDBOX
ESPORTSTMNT04_2451579,DRX,Liiv SANDBOX,LCK,2022-08-17 08:39:14,Liiv SANDBOX,1918,DRX,Liiv SANDBOX,Liiv SANDBOX
ESPORTSTMNT04_2451580,DRX,Liiv SANDBOX,LCK,2022-08-17 09:33:42,DRX,2110,DRX,DRX,DRX
ESPORTSTMNT04_2451582,Liiv SANDBOX,DRX,LCK,2022-08-17 10:32:27,Liiv SANDBOX,3074,DRX,Liiv SANDBOX,Liiv SANDBOX
ESPORTSTMNT04_2451647,KT Rolster,Dplus KIA,LCK,2022-08-18 08:50:26,Dplus KIA,2403,Dplus KIA,Dplus KIA,Dplus KIA
ESPORTSTMNT04_2451654,KT Rolster,Dplus KIA,LCK,2022-08-18 10:39:10,KT Rolster,1842,KT Rolster,Dplus KIA,Dplus KIA
ESPORTSTMNT04_2451657,Dplus KIA,KT Rolster,LCK,2022-08-18 11:34:28,KT Rolster,2422,KT Rolster,KT Rolster,Dplus KIA
ESPORTSTMNT04_2451662,Dplus KIA,KT Rolster,LCK,2022-08-18 12:38:48,Dplus KIA,2516,KT Rolster,Dplus KIA,KT Rolster
ESPORTSTMNT04_2451769,T1,Dplus KIA,LCK,2022-08-21 07:42:36,T1,1504,Dplus KIA,T1,Dplus KIA
ESPORTSTMNT04_2451770,Dplus KIA,T1,LCK,2022-08-21 08:33:45,T1,1534,Dplus KIA,T1,Dplus KIA
ESPORTSTMNT04_2451771,Dplus KIA,T1,LCK,2022-08-21 09:22:33,Dplus KIA,2297,Dplus KIA,T1,Dplus KIA
ESPORTSTMNT04_2451774,T1,Dplus KIA,LCK,2022-08-21 10:23:15,Dplus KIA,1969,Dplus KIA,T1,T1
ESPORTSTMNT04_2451777,T1,Dplus KIA,LCK,2022-08-21 11:18:32,T1,2572,Dplus KIA,T1,Dplus KIA
ESPORTSTMNT04_2451974,T1,Gen.G,LCK,2022-08-28 02:32:35,Gen.G,2294,Gen.G,T1,Gen.G
ESPORTSTMNT04_2470875,DRX,KT Rolster,LCK,2022-08-11 09:57:37,KT Rolster,1453,KT Rolster,KT Rolster,KT Rolster
ESPORTSTMNT04_2470904,DRX,KT Rolster,LCK,2022-08-11 11:33:37,KT Rolster,1465,DRX,KT Rolster,KT Rolster
ESPORTSTMNT04_2471371,DRX,Hanwha Life Esports,LCK,2022-08-14 04:02:23,DRX,1946,Hanwha Life Esports,Hanwha Life Esports,Hanwha Life Esports
ESPORTSTMNT04_2471384,Hanwha Life Esports,DRX,LCK,2022-08-14 06:41:51,Hanwha Life Esports,1970,DRX,Hanwha Life Esports,DRX
ESPORTSTMNT04_2471386,DRX,Hanwha Life Esports,LCK,2022-08-14 07:38:12,Hanwha Life Esports,1841,Hanwha Life Esports,Hanwha Life Esports,Hanwha Life Esports
ESPORTSTMNT04_2471388,Nongshim RedForce,Kwangdong Freecs,LCK,2022-08-14 08:32:13,Nongshim RedForce,1970,Nongshim RedForce,Nongshim RedForce,Nongshim RedForce
ESPORTSTMNT04_2471406,Kwangdong Freecs,Nongshim RedForce,LCK,2022-08-14 10:13:38,Nongshim RedForce,1471,Nongshim RedForce,Nongshim RedForce,Nongshim RedForce
ESPORTSTMNT04_2471698,Dplus KIA,KT Rolster,LCK,2022-08-18 05:53:10,Dplus KIA,2572,Dplus KIA,Dplus KIA,KT Rolster
ESPORTSTMNT04_2471790,Gen.G,Liiv SANDBOX,LCK,2022-08-20 06:42:48,Gen.G,1726,Gen.G,Liiv SANDBOX,Gen.G
ESPORTSTMNT04_2471796,Liiv SANDBOX,Gen.G,LCK,2022-08-20 08:37:32,Gen.G,2197,Gen.G,Liiv SANDBOX,Liiv SANDBOX
ESPORTSTMNT04_2471797,Liiv SANDBOX,Gen.G,LCK,2022-08-20 09:37:55,Liiv SANDBOX,1894,Gen.G,Gen.G,Liiv SANDBOX
ESPORTSTMNT04_2471799,Gen.G,Liiv SANDBOX,LCK,2022-08-20 10:32:11,Gen.G,1356,Gen.G,Liiv SANDBOX,Gen.G
ESPORTSTMNT04_2472110,T1,Gen.G,LCK,2022-08-28 07:27:58,Gen.G,1572,Gen.G,Gen.G,Gen.G
ESPORTSTMNT04_2472111,Gen.G,T1,LCK,2022-08-28 08:18:21,Gen.G,2068,Gen.G,T1,Gen.G
ESPORTSTMNT04_2659018,Dplus KIA,DRX,LCK,2023-01-18 08:17:31,Dplus KIA,1808,Dplus KIA,DRX,Dplus KIA
ESPORTSTMNT04_2660040,T1,Gen.G,LCK,2023-01-18 11:00:07,T1,2162,T1,Gen.G,Gen.G
ESPORTSTMNT04_2661035,Dplus KIA,DRX,LCK,2023-01-18 09:13:04,Dplus KIA,2171,DRX,Dplus KIA,DRX
ESPORTSTMNT04_2661049,T1,Gen.G,LCK,2023-01-18 11:59:24,T1,1939,T1,T1,T1
ESPORTSTMNT04_2663029,Nongshim RedForce,BRION,LCK,2023-01-19 11:09:23,BRION,2339,Nongshim RedForce,BRION,BRION
ESPORTSTMNT04_2663131,T1,KT Rolster,LCK,2023-01-20 09:55:26,T1,1451,T1,T1,T1
ESPORTSTMNT04_2663182,DRX,Gen.G,LCK,2023-01-21 07:05:45,Gen.G,1780,Gen.G,Gen.G,Gen.G
ESPORTSTMNT04_2663193,Kwangdong Freecs,BRION,LCK,2023-01-21 09:43:31,Kwangdong Freecs,2100,Kwangdong Freecs,BRION,BRION
ESPORTSTMNT04_2663232,KT Rolster,Nongshim RedForce,LCK,2023-01-22 10:52:47,KT Rolster,1987,KT Rolster,KT Rolster,KT Rolster
ESPORTSTMNT04_2664031,Kwangdong Freecs,Hanwha Life Esports,LCK,2023-01-19 09:26:47,Hanwha Life Esports,2009,Hanwha Life Esports,Kwangdong Freecs,Hanwha Life Esports
ESPORTSTMNT04_2664115,T1,KT Rolster,LCK,2023-01-20 09:00:41,T1,1884,T1,T1,KT Rolster
ESPORTSTMNT04_2664117,Dplus KIA,Liiv SANDBOX,LCK,2023-01-20 11:29:11,Dplus KIA,1638,Dplus KIA,Dplus KIA,Dplus KIA
ESPORTSTMNT04_2664153,Gen.G,DRX,LCK,2023-01-21 06:10:14,Gen.G,1959,Gen.G,Gen.G,DRX
ESPORTSTMNT04_2664171,Kwangdong Freecs,BRION,LCK,2023-01-21 08:42:32,BRION,2315,BRION,BRION,BRION
ESPORTSTMNT04_2664180,Hanwha Life Esports,Liiv SANDBOX,LCK,2023-01-22 06:09:24,Liiv SANDBOX,2363,Liiv SANDBOX,Liiv SANDBOX,Hanwha Life Esports
ESPORTSTMNT04_2664200,Hanwha Life Esports,Liiv SANDBOX,LCK,2023-01-22 08:14:45,Liiv SANDBOX,2270,Liiv SANDBOX,Liiv SANDBOX,Liiv SANDBOX
ESPORTSTMNT04_2664219,KT Rolster,Nongshim RedForce,LCK,2023-01-22 11:48:40,KT Rolster,1842,KT Rolster,KT Rolster,Nongshim RedForce
ESPORTSTMNT04_2665017,Kwangdong Freecs,Hanwha Life Esports,LCK,2023-01-19 08:20:39,Hanwha Life Esports,2417,Kwangdong Freecs,Kwangdong Freecs,Kwangdong Freecs
ESPORTSTMNT04_2665040,BRION,Nongshim RedForce,LCK,2023-01-19 12:12:29,BRION,1812,BRION,Nongshim RedForce,BRION
ESPORTSTMNT04_2665115,T1,KT Rolster,LCK,2023-01-20 08:11:59,KT Rolster,1559,KT Rolster,KT Rolster,KT Rolster
ESPORTSTMNT04_2665143,Dplus KIA,Liiv SANDBOX,LCK,2023-01-20 12:17:07,Dplus KIA,1652,Dplus KIA,Dplus KIA,Liiv SANDBOX
ESPORTSTMNT04_2665186,BRION,Kwangdong Freecs,LCK,2023-01-21 10:41:30,BRION,2288,BRION,BRION,Kwangdong Freecs
ESPORTSTMNT04_2665208,Hanwha Life Esports,Liiv SANDBOX,LCK,2023-01-22 07:13:08,Hanwha Life Esports,2282,Liiv SANDBOX,Hanwha Life Esports,Liiv SANDBOX
ESPORTSTMNT04_2665209,KT Rolster,Nongshim RedForce,LCK,2023-01-22 09:57:28,Nongshim RedForce,1933,KT Rolster,Nongshim RedForce,Nongshim RedForce
ESPORTSTMNT05_2780049,T1,Nongshim RedForce,LCK,2022-06-17 10:02:45,T1,2289,T1,T1,Nongshim RedForce
ESPORTSTMNT05_2780070,Nongshim RedForce,T1,LCK,2022-06-17 11:56:24,T1,2788,T1,Nongshim RedForce,Nongshim RedForce
ESPORTSTMNT05_2942187,Nongshim RedForce,BRION,LCK,2022-07-15 08:42:05,BRION,1904,Nongshim RedForce,Nongshim RedForce,BRION
ESPORTSTMNT05_2942209,Hanwha Life Esports,Liiv SANDBOX,LCK,2022-07-15 11:43:28,Liiv SANDBOX,1569,Liiv SANDBOX,Hanwha Life Esports,Liiv SANDBOX
ESPORTSTMNT05_2942470,KT Rolster,Kwangdong Freecs,LCK,2022-07-16 06:48:26,KT Rolster,2525,Kwangdong Freecs,KT Rolster,Kwangdong Freecs
ESPORTSTMNT05_2942491,Kwangdong Freecs,KT Rolster,LCK,2022-07-16 08:51:09,KT Rolster,1933,KT Rolster,Kwangdong Freecs,KT Rolster
ESPORTSTMNT05_2942496,DRX,T1,LCK,2022-07-16 09:46:51,T1,1617,T1,T1,T1
ESPORTSTMNT05_2942515,DRX,T1,LCK,2022-07-16 11:36:57,T1,1928,DRX,DRX,T1
ESPORTSTMNT05_2942806,Dplus KIA,BRION,LCK,2022-07-17 07:17:05,Dplus KIA,1793,Dplus KIA,BRION,BRION
ESPORTSTMNT05_2942826,BRION,Dplus KIA,LCK,2022-07-17 08:37:22,Dplus KIA,1737,Dplus KIA,BRION,Dplus KIA
ESPORTSTMNT05_2942832,Gen.G,Nongshim RedForce,LCK,2022-07-17 09:28:58,Gen.G,1576,Gen.G,Gen.G,Gen.G
ESPORTSTMNT05_2942869,Nongshim RedForce,Gen.G,LCK,2022-07-17 11:37:36,Gen.G,1382,Gen.G,Gen.G,Gen.G
ESPORTSTMNT05_2951501,Hanwha Life Esports,T1,LCK,2022-07-13 08:09:16,T1,1961,T1,Hanwha Life Esports,T1
ESPORTSTMNT05_2951513,Hanwha Life Esports,T1,LCK,2022-07-13 08:47:15,Hanwha Life Esports,2205,Hanwha Life Esports,Hanwha Life Esports,Hanwha Life Esports
ESPORTSTMNT05_2951542,T1,Hanwha Life Esports,LCK,2022-07-13 09:56:00,T1,1827,T1,T1,T1
ESPORTSTMNT05_2951551,Gen.G,Liiv SANDBOX,LCK,2022-07-13 11:25:55,Gen.G,1175,Gen.G,Gen.G,Gen.G
ESPORTSTMNT05_2951582,Liiv SANDBOX,Gen.G,LCK,2022-07-13 12:55:00,Gen.G,1712,Gen.G,Liiv SANDBOX,Liiv SANDBOX
ESPORTSTMNT05_2951924,KT Rolster,DRX,LCK,2022-07-14 07:25:52,DRX,2451,DRX,DRX,DRX
ESPORTSTMNT05_2951965,KT Rolster,DRX,LCK,2022-07-14 08:48:50,KT Rolster,2666,KT Rolster,KT Rolster,DRX
ESPORTSTMNT05_2951988,DRX,KT Rolster,LCK,2022-07-14 10:06:39,KT Rolster,1712,KT Rolster,KT Rolster,DRX
ESPORTSTMNT05_2951991,Dplus KIA,Kwangdong Freecs,LCK,2022-07-14 10:49:26,Dplus KIA,2042,Dplus KIA,Dplus KIA,Kwangdong Freecs
ESPORTSTMNT05_2952017,Kwangdong Freecs,Dplus KIA,LCK,2022-07-14 12:30:29,Dplus KIA,1611,Dplus KIA,Dplus KIA,Dplus KIA
ESPORTSTMNT05_2952287,BRION,Nongshim RedForce,LCK,2022-07-15 07:17:18,BRION,2056,BRION,BRION,BRION
ESPORTSTMNT05_2952305,Liiv SANDBOX,Hanwha Life Esports,LCK,2022-07-15 09:59:58,Liiv SANDBOX,1758,Liiv SANDBOX,Hanwha Life Esports,Hanwha Life Esports
ESPORTSTMNT05_2980201,BRION,DRX,LCK,2022-07-20 08:06:00,BRION,1927,BRION,BRION,BRION
ESPORTSTMNT05_2980212,DRX,BRION,LCK,2022-07-20 09:05:00,DRX,1943,DRX,DRX,BRION
ESPORTSTMNT05_2980213,BRION,DRX,LCK,2022-07-20 09:59:00,DRX,2540,BRION,BRION,BRION
ESPORTSTMNT05_2980216,Nongshim RedForce,Dplus KIA,LCK,2022-07-20 11:49:00,Dplus KIA,1781,Nongshim RedForce,Dplus KIA,Nongshim RedForce
ESPORTSTMNT05_2980240,Nongshim RedForce,Dplus KIA,LCK,2022-07-20 13:47:59,Dplus KIA,2229,Nongshim RedForce,Dplus KIA,Nongshim RedForce
ESPORTSTMNT05_2980509,Liiv SANDBOX,Gen.G,LCK,2022-07-22 06:38:34,Gen.G,2346,Gen.G,Liiv SANDBOX,Liiv SANDBOX
ESPORTSTMNT05_2980526,Liiv SANDBOX,Gen.G,LCK,2022-07-22 08:48:59,Gen.G,1835,Gen.G,Gen.G,Liiv SANDBOX
ESPORTSTMNT05_2980527,DRX,Dplus KIA,LCK,2022-07-22 09:41:01,DRX,1613,DRX,DRX,Dplus KIA
ESPORTSTMNT05_2980537,Dplus KIA,DRX,LCK,2022-07-22 11:35:08,Dplus KIA,1593,Dplus KIA,Dplus KIA,DRX
ESPORTSTMNT05_2980538,DRX,Dplus KIA,LCK,2022-07-22 12:24:26,DRX,1896,DRX,DRX,DRX
ESPORTSTMNT05_2980556,BRION,T1,LCK,2022-07-23 06:15:48,BRION,1956,T1,T1,BRION
ESPORTSTMNT05_2980569,T1,BRION,LCK,2022-07-23 08:41:03,T1,2016,T1,BRION,BRION
ESPORTSTMNT05_2980571,BRION,T1,LCK,2022-07-23 09:44:41,T1,2268,T1,T1,T1
ESPORTSTMNT05_2980572,KT Rolster,Nongshim RedForce,LCK,2022-07-23 10:44:44,KT Rolster,1910,Nongshim RedForce,KT Rolster,Nongshim RedForce
ESPORTSTMNT05_2980586,Nongshim RedForce,KT Rolster,LCK,2022-07-23 12:20:17,Nongshim RedForce,2101,Nongshim RedForce,KT Rolster,Nongshim RedForce
ESPORTSTMNT05_2980587,KT Rolster,Nongshim RedForce,LCK,2022-07-23 13:18:06,KT Rolster,2018,KT Rolster,Nongshim RedForce,KT Rolster
ESPORTSTMNT05_2990357,T1,Kwangdong Freecs,LCK,2022-07-21 06:43:48,Kwangdong Freecs,1852,T1,Kwangdong Freecs,Kwangdong Freecs
ESPORTSTMNT05_2990375,T1,Kwangdong Freecs,LCK,2022-07-21 08:39:36,T1,1945,T1,T1,Kwangdong Freecs
ESPORTSTMNT05_2990380,T1,Kwangdong Freecs,LCK,2022-07-21 09:35:25,T1,2403,Kwangdong Freecs,Kwangdong Freecs,T1
ESPORTSTMNT05_2990388,Hanwha Life Esports,KT Rolster,LCK,2022-07-21 10:37:45,KT Rolster,1831,Hanwha Life Esports,KT Rolster,Hanwha Life Esports
ESPORTSTMNT05_2990418,Hanwha Life Esports,KT Rolster,LCK,2022-07-21 12:13:46,KT Rolster,1995,Hanwha Life Esports,KT Rolster,KT Rolster
ESPORTSTMNT05_2990662,Kwangdong Freecs,Liiv SANDBOX,LCK,2022-07-24 06:41:23,Liiv SANDBOX,1901,Liiv SANDBOX,Liiv SANDBOX,Liiv SANDBOX
ESPORTSTMNT05_2990683,Liiv SANDBOX,Kwangdong Freecs,LCK,2022-07-24 09:09:13,Liiv SANDBOX,3036,Liiv SANDBOX,Kwangdong Freecs,Kwangdong Freecs
ESPORTSTMNT05_2990684,Hanwha Life Esports,Gen.G,LCK,2022-07-24 10:06:48,Gen.G,1802,Gen.G,Gen.G,Gen.G
ESPORTSTMNT05_2990701,Hanwha Life Esports,Gen.G,LCK,2022-07-24 11:42:46,Gen.G,1722,Gen.G,Gen.G,Gen.G
ESPORTSTMNT06_2500014,DRX,Liiv SANDBOX,LCK,2022-06-29 09:39:20,Liiv SANDBOX,1894,Liiv SANDBOX,Liiv SANDBOX,Liiv SANDBOX
ESPORTSTMNT06_2500018,T1,Kwangdong Freecs,LCK,2022-06-29 10:44:47,T1,1675,T1,T1,T1
ESPORTSTMNT06_2500033,T1,Kwangdong Freecs,LCK,2022-06-29 12:22:15,Kwangdong Freecs,1876,Kwangdong Freecs,Kwangdong Freecs,Kwangdong Freecs
ESPORTSTMNT06_2500037,T1,Kwangdong Freecs,LCK,2022-06-29 13:16:11,Kwangdong Freecs,2331,T1,T1,T1
ESPORTSTMNT06_2500054,BRION,Hanwha Life Esports,LCK,2022-06-30 06:56:00,BRION,2491,BRION,Hanwha Life Esports,BRION
ESPORTSTMNT06_2500065,Hanwha Life Esports,BRION,LCK,2022-06-30 08:48:50,Hanwha Life Esports,1982,BRION,Hanwha Life Esports,Hanwha Life Esports
ESPORTSTMNT06_2500066,BRION,Hanwha Life Esports,LCK,2022-06-30 09:44:56,Hanwha Life Esports,1776,Hanwha Life Esports,Hanwha Life Esports,Hanwha Life Esports
ESPORTSTMNT06_2500067,Gen.G,Nongshim RedForce,LCK,2022-06-30 10:40:42,Gen.G,2046,Gen.G,Gen.G,Nongshim RedForce
ESPORTSTMNT06_2500074,Nongshim RedForce,Gen.G,LCK,2022-06-30 12:23:24,Gen.G,1667,Gen.G,Nongshim RedForce,Nongshim RedForce
ESPORTSTMNT06_2500154,KT Rolster,Dplus KIA,LCK,2022-07-01 06:36:49,Dplus KIA,1694,KT Rolster,KT Rolster,KT Rolster
ESPORTSTMNT06_2500165,Dplus KIA,KT Rolster,LCK,2022-07-01 08:37:34,Dplus KIA,2236,Dplus KIA,Dplus KIA,KT Rolster
ESPORTSTMNT06_2500166,T1,DRX,LCK,2022-07-01 09:37:57,T1,2340,DRX,DRX,DRX
ESPORTSTMNT06_2500194,T1,DRX,LCK,2022-07-01 11:48:26,T1,1795,T1,T1,DRX
ESPORTSTMNT06_2500207,BRION,Liiv SANDBOX,LCK,2022-07-02 08:42:06,Liiv SANDBOX,1565,Liiv SANDBOX,Liiv SANDBOX,Liiv SANDBOX
ESPORTSTMNT06_2510001,Liiv SANDBOX,DRX,LCK,2022-06-29 06:58:29,Liiv SANDBOX,1627,DRX,Liiv SANDBOX,Liiv SANDBOX
ESPORTSTMNT06_2510009,Liiv SANDBOX,DRX,LCK,2022-06-29 08:34:45,DRX,2495,Liiv SANDBOX,DRX,DRX
ESPORTSTMNT06_2510204,Liiv SANDBOX,BRION,LCK,2022-07-02 07:06:28,Liiv SANDBOX,1976,Liiv SANDBOX,Liiv SANDBOX,BRION
ESPORTSTMNT06_2510219,Gen.G,Kwangdong Freecs,LCK,2022-07-02 09:37:15,Gen.G,1790,Gen.G,Gen.G,Kwangdong Freecs
ESPORTSTMNT06_2510232,Gen.G,Kwangdong Freecs,LCK,2022-07-02 11:39:32,Gen.G,1923,Gen.G,Gen.G,Kwangdong Freecs
ESPORTSTMNT06_2510234,Dplus KIA,Nongshim RedForce,LCK,2022-07-03 06:25:21,Dplus KIA,1857,Dplus KIA,Nongshim RedForce,Dplus KIA
ESPORTSTMNT06_2510240,Dplus KIA,Nongshim RedForce,LCK,2022-07-03 08:40:08,Dplus KIA,1590,Dplus KIA,Dplus KIA,Nongshim RedForce
ESPORTSTMNT06_2510243,KT Rolster,Hanwha Life Esports,LCK,2022-07-03 09:31:38,KT Rolster,1862,KT Rolster,KT Rolster,KT Rolster
ESPORTSTMNT06_2510261,Hanwha Life Esports,KT Rolster,LCK,2022-07-03 11:39:06,KT Rolster,1801,Hanwha Life Esports,KT Rolster,KT Rolster
ESPORTSTMNT06_2531013,KT Rolster,T1,LCK,2022-07-27 08:40:21,KT Rolster,2008,T1,T1,KT Rolster
ESPORTSTMNT06_2531015,T1,KT Rolster,LCK,2022-07-27 09:37:04,T1,1930,KT Rolster,KT Rolster,T1
ESPORTSTMNT06_2531022,Dplus KIA,Hanwha Life Esports,LCK,2022-07-27 10:33:40,Hanwha Life Esports,2380,Hanwha Life Esports,Dplus KIA,Hanwha Life Esports
ESPORTSTMNT06_2531032,Dplus KIA,Hanwha Life Esports,LCK,2022-07-27 12:18:52,Dplus KIA,1333,Dplus KIA,Dplus KIA,Dplus KIA
ESPORTSTMNT06_2531036,Hanwha Life Esports,Dplus KIA,LCK,2022-07-27 13:04:05,Dplus KIA,1898,Dplus KIA,Dplus KIA,Hanwha Life Esports
ESPORTSTMNT06_2531135,Liiv SANDBOX,Nongshim RedForce,LCK,2022-07-28 07:11:51,Nongshim RedForce,1908,Nongshim RedForce,Liiv SANDBOX,Nongshim RedForce
ESPORTSTMNT06_2531145,Liiv SANDBOX,Nongshim RedForce,LCK,2022-07-28 08:40:40,Liiv SANDBOX,1815,Nongshim RedForce,Nongshim RedForce,Nongshim RedForce
ESPORTSTMNT06_2531146,Nongshim RedForce,Liiv SANDBOX,LCK,2022-07-28 09:35:37,Nongshim RedForce,1682,Nongshim RedForce,Nongshim RedForce,Liiv SANDBOX
ESPORTSTMNT06_2531151,Gen.G,DRX,LCK,2022-07-28 10:30:17,Gen.G,2105,Gen.G,DRX,Gen.G
ESPORTSTMNT06_2531168,DRX,Gen.G,LCK,2022-07-28 12:08:54,Gen.G,1805,Gen.G,Gen.G,Gen.G
ESPORTSTMNT06_2531311,BRION,Kwangdong Freecs,LCK,2022-07-29 06:28:24,BRION,1877,BRION,BRION,BRION
ESPORTSTMNT06_2531319,BRION,Kwangdong Freecs,LCK,2022-07-29 08:39:26,Kwangdong Freecs,2670,Kwangdong Freecs,BRION,Kwangdong Freecs
ESPORTSTMNT06_2531322,BRION,Kwangdong Freecs,LCK,2022-07-29 09:48:31,Kwangdong Freecs,2135,BRION,Kwangdong Freecs,Kwangdong Freecs
ESPORTSTMNT06_2531323,Dplus KIA,KT Rolster,LCK,2022-07-29 10:45:45,KT Rolster,2787,Dplus KIA,Dplus KIA,KT Rolster
ESPORTSTMNT06_2531329,Dplus KIA,KT Rolster,LCK,2022-07-29 12:41:44,KT Rolster,2780,Dplus KIA,KT Rolster,KT Rolster
ESPORTSTMNT06_2531436,DRX,Liiv SANDBOX,LCK,2022-07-30 06:15:16,Liiv SANDBOX,2268,DRX,DRX,DRX
ESPORTSTMNT06_2531445,DRX,Liiv SANDBOX,LCK,2022-07-30 08:47:12,DRX,2281,DRX,DRX,DRX
ESPORTSTMNT06_2531452,Liiv SANDBOX,DRX,LCK,2022-07-30 09:50:19,Liiv SANDBOX,1585,Liiv SANDBOX,DRX,Liiv SANDBOX
ESPORTSTMNT06_2531456,T1,Gen.G,LCK,2022-07-30 10:41:07,Gen.G,2155,T1,T1,Gen.G
ESPORTSTMNT06_2531479,T1,Gen.G,LCK,2022-07-30 12:26:43,Gen.G,1494,T1,T1,Gen.G
ESPORTSTMNT06_2532051,KT Rolster,BRION,LCK,2022-08-04 06:22:17,KT Rolster,1959,BRION,BRION,BRION
ESPORTSTMNT06_2532062,BRION,KT Rolster,LCK,2022-08-04 08:41:22,BRION,1892,BRION,KT Rolster,BRION
ESPORTSTMNT06_2532064,KT Rolster,BRION,LCK,2022-08-04 09:37:07,KT Rolster,1962,KT Rolster,BRION,BRION
ESPORTSTMNT06_2532067,T1,Hanwha Life Esports,LCK,2022-08-04 10:35:36,T1,1944,T1,T1,Hanwha Life Esports
ESPORTSTMNT06_2532090,Hanwha Life Esports,T1,LCK,2022-08-04 12:10:30,T1,1680,T1,T1,Hanwha Life Esports
ESPORTSTMNT06_2532177,DRX,Nongshim RedForce,LCK,2022-08-05 10:02:46,DRX,1684,DRX,Nongshim RedForce,DRX
ESPORTSTMNT06_2532178,Dplus KIA,Gen.G,LCK,2022-08-05 11:02:15,Gen.G,1656,Gen.G,Gen.G,Dplus KIA
ESPORTSTMNT06_2532199,Dplus KIA,Gen.G,LCK,2022-08-05 12:29:29,Dplus KIA,2399,Dplus KIA,Dplus KIA,Dplus KIA
ESPORTSTMNT06_2532200,Gen.G,Dplus KIA,LCK,2022-08-05 13:32:35,Gen.G,2399,Gen.G,Gen.G,Dplus KIA
ESPORTSTMNT06_2532203,Hanwha Life Esports,BRION,LCK,2022-08-06 06:16:11,Hanwha Life Esports,2207,Hanwha Life Esports,BRION,BRION
ESPORTSTMNT06_2532217,BRION,Hanwha Life Esports,LCK,2022-08-06 08:45:33,BRION,1852,BRION,BRION,BRION
ESPORTSTMNT06_2532218,Hanwha Life Esports,BRION,LCK,2022-08-06 09:39:05,BRION,2108,BRION,Hanwha Life Esports,BRION
ESPORTSTMNT06_2532219,KT Rolster,Liiv SANDBOX,LCK,2022-08-06 10:35:52,Liiv SANDBOX,1768,KT Rolster,KT Rolster,KT Rolster
ESPORTSTMNT06_2532228,KT Rolster,Liiv SANDBOX,LCK,2022-08-06 12:14:21,KT Rolster,1841,KT Rolster,KT Rolster,KT Rolster
ESPORTSTMNT06_2532229,Liiv SANDBOX,KT Rolster,LCK,2022-08-06 13:08:06,Liiv SANDBOX,2261,Liiv SANDBOX,KT Rolster,KT Rolster
ESPORTSTMNT06_2540974,T1,KT Rolster,LCK,2022-07-27 06:14:53,T1,1825,T1,T1,KT Rolster
ESPORTSTMNT06_2541572,Hanwha Life Esports,Kwangdong Freecs,LCK,2022-07-31 06:01:04,Hanwha Life Esports,2521,Kwangdong Freecs,Hanwha Life Esports,Kwangdong Freecs
ESPORTSTMNT06_2541596,Kwangdong Freecs,Hanwha Life Esports,LCK,2022-07-31 08:52:58,Kwangdong Freecs,1891,Kwangdong Freecs,Kwangdong Freecs,Hanwha Life Esports
ESPORTSTMNT06_2541603,Hanwha Life Esports,Kwangdong Freecs,LCK,2022-07-31 09:48:47,Kwangdong Freecs,2432,Hanwha Life Esports,Hanwha Life Esports,Hanwha Life Esports
ESPORTSTMNT06_2541624,Nongshim RedForce,BRION,LCK,2022-07-31 10:57:31,BRION,1875,Nongshim RedForce,BRION,BRION
ESPORTSTMNT06_2541642,Nongshim RedForce,BRION,LCK,2022-07-31 12:32:27,BRION,1877,BRION,BRION,BRION
ESPORTSTMNT06_2541942,Liiv SANDBOX,Dplus KIA,LCK,2022-08-03 06:47:42,Liiv SANDBOX,1797,Dplus KIA,Dplus KIA,Liiv SANDBOX
ESPORTSTMNT06_2541947,Dplus KIA,Liiv SANDBOX,LCK,2022-08-03 08:42:04,Liiv SANDBOX,1829,Dplus KIA,Liiv SANDBOX,Liiv SANDBOX
ESPORTSTMNT06_2541948,Kwangdong Freecs,Gen.G,LCK,2022-08-03 09:35:32,Gen.G,1564,Gen.G,Gen.G,Gen.G
ESPORTSTMNT06_2541974,Kwangdong Freecs,Gen.G,LCK,2022-08-03 11:35:56,Gen.G,1461,Gen.G,Gen.G,Gen.G
ESPORTSTMNT06_2542141,DRX,Nongshim RedForce,LCK,2022-08-05 06:15:05,DRX,2275,DRX,DRX,Nongshim RedForce
ESPORTSTMNT06_2542154,Nongshim RedForce,DRX,LCK,2022-08-05 08:56:31,Nongshim RedForce,2576,Nongshim RedForce,Nongshim RedForce,Nongshim RedForce
ESPORTSTMNT06_2542204,Nongshim RedForce,T1,LCK,2022-08-07 07:14:03,T1,1743,Nongshim RedForce,T1,T1
ESPORTSTMNT06_2542219,Nongshim RedForce,T1,LCK,2022-08-07 08:39:22,Nongshim RedForce,2043,Nongshim RedForce,Nongshim RedForce,Nongshim RedForce
ESPORTSTMNT06_2542222,T1,Nongshim RedForce,LCK,2022-08-07 09:39:49,T1,2090,T1,T1,T1
ESPORTSTMNT06_2542223,Kwangdong Freecs,DRX,LCK,2022-08-07 10:36:59,DRX,2136,DRX,Kwangdong Freecs,DRX
ESPORTSTMNT06_2542228,Kwangdong Freecs,DRX,LCK,2022-08-07 12:15:13,DRX,2192,Kwangdong Freecs,Kwangdong Freecs,DRX
ESPORTSTMNT06_2821430,Liiv SANDBOX,Gen.G,LCK,2023-07-26 09:10:28,Gen.G,2004,Gen.G,Gen.G,Liiv SANDBOX
ESPORTSTMNT06_2823450,Gen.G,Liiv SANDBOX,LCK,2023-07-26 08:07:13,Gen.G,2473,Gen.G,Gen.G,Liiv SANDBOX
ESPORTSTMNT06_2823458,Kwangdong Freecs,KT Rolster,LCK,2023-07-26 10:53:23,KT Rolster,1573,KT Rolster,Kwangdong Freecs,KT Rolster
ESPORTSTMNT06_2823467,Kwangdong Freecs,KT Rolster,LCK,2023-07-26 12:00:52,KT Rolster,1798,KT Rolster,Kwangdong Freecs,KT Rolster
